,folder,filename,cosine similarity,sim_folder,sim_filename,euclidean distance,dist_folder,dist_filename
0,Extracted-Text-from-Photographs/GrubbsRD_Consulting_Box_1/BRISTOL_MYERS_SQUIBB,BRISTOL_MYERS_SQUIBB_4.txt,0.8112531,desktop_grubbs_assistant/2 RHG/RHG Recs/2014 Recs_Reappointments/Toutov recs 2015,anton toutov resnick 2013.docx,8.981461,desktop_grubbs_assistant/2 RHG/RHG Recs/2014 Recs_Reappointments/Toutov recs 2015,anton toutov resnick 2013.docx
1,Extracted-Text-from-Photographs/GrubbsRD_Consulting_Box_1/BRISTOL_MYERS_SQUIBB,BRISTOL_MYERS_SQUIBB_3.txt,0.86787415,"desktop_grubbs_assistant/2 RHG/RHG Group/RHG Misc Postdoc""Visitors/Boyd VSR_UG 2014",Draft Lucinda Boyd Award Letter.docx,8.174759,"desktop_grubbs_assistant/2 RHG/RHG Group/RHG Misc Postdoc""Visitors/Boyd VSR_UG 2014",Draft Lucinda Boyd Award Letter.docx
2,Extracted-Text-from-Photographs/GrubbsRD_Consulting_Box_1/BRISTOL_MYERS_SQUIBB,BRISTOL_MYERS_SQUIBB_1.txt,0.9484754,desktop_grubbs_assistant/2 RHG/RHG Recs/2013 Reference Letters/Bronner Recs 2013,Lilly bronner 2013.docx,4.810127,desktop_grubbs_assistant/2 RHG/RHG Recs/2013 Reference Letters/Bronner Recs 2013,Lilly bronner 2013.docx
3,Extracted-Text-from-Photographs/GrubbsRD_Consulting_Box_1/BRISTOL_MYERS_SQUIBB,BRISTOL_MYERS_SQUIBB_6.txt,0.699359,desktop_grubbs_assistant/2 RHG/RHG Files/RHG Travel/RHG Old_Travel 2019 & earlier/RHG Travel 2017/RHG_India_Feb 2017/RIC Documents 2017,Grubbs Letter 3 Declaration.docx,11.612094,desktop_grubbs_assistant/2 RHG/RHG Files/RHG Travel/RHG Old_Travel 2019 & earlier/RHG Travel 2017/RHG_India_Feb 2017/RIC Documents 2017,Grubbs Letter 3 Declaration.docx
4,Extracted-Text-from-Photographs/GrubbsRD_Consulting_Box_1/BRISTOL_MYERS_SQUIBB,BRISTOL_MYERS_SQUIBB_8.txt,0.84734356,desktop_grubbs_assistant/2 RHG/RHG Recs/2012 Reference Letters/El-Batta Recs 2012,amer el-batta rec 2012.docx,8.203468,desktop_grubbs_assistant/2 RHG/RHG Files/RHG Travel/RHG Old_Travel 2019 & earlier/RHG Travel 2019/RHG_ICE_Netherland_Sep 2019/RHG_Netherlands_Sept 2019,Biography Robert H Grubbs.docx
5,Extracted-Text-from-Photographs/GrubbsRD_Consulting_Box_1/BRISTOL_MYERS_SQUIBB,BRISTOL_MYERS_SQUIBB_5.txt,0.86485195,desktop_grubbs_assistant/2 RHG/RHG Files/RHG Travel/RHG Old_Travel 2019 & earlier/RHG_Travel 2015/RHG SF AUG2015,Aug 3 NSF PO visit_draft agenda.docx,7.814298,desktop_grubbs_assistant/2 RHG/RHG Files/RHG Travel/RHG Old_Travel 2019 & earlier/RHG_Travel 2015/RHG SF AUG2015,Aug 3 NSF PO visit_draft agenda.docx
6,Extracted-Text-from-Photographs/GrubbsRD_Consulting_Box_1/BRISTOL_MYERS_SQUIBB,BRISTOL_MYERS_SQUIBB_2.txt,0.8990218,desktop_grubbs_assistant/2 RHG/RHG Recs/2014 Recs_Reappointments/Toutov recs 2015,anton toutov resnick 2013.docx,6.7005534,desktop_grubbs_assistant/2 RHG/RHG Recs/2014 Recs_Reappointments/Toutov recs 2015,anton toutov resnick 2013.docx
7,Extracted-Text-from-Photographs/GrubbsRD_Consulting_Box_1/BRISTOL_MYERS_SQUIBB,BRISTOL_MYERS_SQUIBB_7.txt,0.72414374,desktop_grubbs_assistant/2 RHG/RHG Files/RHG Travel/RHG Visas 2009-15/f8802 Residency Certification 2019/RI Completed Forms,RHG_No_PE_Declaration_Template.docx,10.946806,desktop_grubbs_assistant/2 RHG/RHG Files/RHG Travel/RHG Visas 2009-15/f8802 Residency Certification 2019/RI Completed Forms,RHG_No_PE_Declaration_Template.docx
8,Extracted-Text-from-Photographs/GrubbsRD_Consulting_Box_1/BRISTOL_MYERS_SQUIBB,BRISTOL_MYERS_SQUIBB_10.txt,0.858618,desktop_grubbs_assistant/2 RHG/RHG Recs/2014 Recs_Reappointments/Toutov recs 2015,anton toutov resnick 2013.docx,7.9128537,desktop_grubbs_assistant/2 RHG/RHG Recs/2014 Recs_Reappointments/Toutov recs 2015,anton toutov resnick 2013.docx
9,Extracted-Text-from-Photographs/GrubbsRD_Consulting_Box_1/BRISTOL_MYERS_SQUIBB,BRISTOL_MYERS_SQUIBB_9.txt,0.7992395,desktop_grubbs_assistant/2 RHG/RHG Files/RHG Travel/RHG Old_Travel 2019 & earlier/RHG 2009 Travel/RHG WSU Oct09,grubbs.txt,9.509629,desktop_grubbs_assistant/2 RHG/RHG Files/RHG Travel/RHG Old_Travel 2019 & earlier/RHG 2009 Travel/RHG WSU Oct09,grubbs.txt
10,Extracted-Text-from-Photographs/GrubbsRD_Consulting_Box_1/BEND_CLOSE,BEND_CLOSE_19.txt,0.793668,desktop_grubbs_assistant/2 RHG/RHG Files/RHG Travel/RHG Old_Travel 2019 & earlier/RHG 2009 Travel/RHG WSU Oct09,grubbs.txt,9.720857,desktop_grubbs_assistant/2 RHG/RHG Files/RHG Travel/RHG Old_Travel 2019 & earlier/RHG 2009 Travel/RHG WSU Oct09,grubbs.txt
11,Extracted-Text-from-Photographs/GrubbsRD_Consulting_Box_1/BEND_CLOSE,BEND_CLOSE_42.txt,0.77722025,desktop_grubbs_assistant/2 RHG/RHG Files/RHG Travel/RHG Visas 2009-15/f8802 Residency Certification 2019/RI Completed Forms,RHG_Declaration in lieu of PAN (37BC).docx,9.726029,desktop_grubbs_assistant/2 RHG/RHG Files/RHG Travel/RHG Visas 2009-15/f8802 Residency Certification 2019/RI Completed Forms,RHG_Declaration in lieu of PAN (37BC).docx
12,Extracted-Text-from-Photographs/GrubbsRD_Consulting_Box_1/BEND_CLOSE,BEND_CLOSE_40.txt,0.7039592,desktop_grubbs_assistant/2 RHG/Faculty Profiles/2015 Grubbs profile 14-15,Grubbs Pubs Patents 2013-2014.docx,11.116608,desktop_grubbs_assistant/2 RHG/Faculty Profiles/2015 Grubbs profile 14-15,Grubbs Pubs Patents 2013-2014.docx
13,Extracted-Text-from-Photographs/GrubbsRD_Consulting_Box_1/BEND_CLOSE,BEND_CLOSE_22.txt,0.9460046,desktop_grubbs_assistant/2 RHG/Grants/USC_TRP_subcontract_2014_not submitted/Previous NIH USC,Grubbs - Letter.docx,4.799108,desktop_grubbs_assistant/2 RHG/Grants/USC_TRP_subcontract_2014_not submitted/Previous NIH USC,Grubbs - Letter.docx
14,Extracted-Text-from-Photographs/GrubbsRD_Consulting_Box_1/BEND_CLOSE,BEND_CLOSE_6.txt,0.87039685,desktop_grubbs_assistant/2 RHG/Grants/USC_TRP_subcontract_2014_not submitted/Previous NIH USC,Grubbs - Letter.docx,7.4436088,desktop_grubbs_assistant/2 RHG/Grants/USC_TRP_subcontract_2014_not submitted/Previous NIH USC,Grubbs - Letter.docx
15,Extracted-Text-from-Photographs/GrubbsRD_Consulting_Box_1/BEND_CLOSE,BEND_CLOSE_7.txt,0.7975414,desktop_grubbs_assistant/2 RHG/Faculty Profiles/2015 Grubbs profile 14-15,Grubbs Pubs Patents 2013-2014.docx,9.291251,desktop_grubbs_assistant/2 RHG/Faculty Profiles/2015 Grubbs profile 14-15,Grubbs Pubs Patents 2013-2014.docx
16,Extracted-Text-from-Photographs/GrubbsRD_Consulting_Box_1/BEND_CLOSE,BEND_CLOSE_23.txt,0.8678267,desktop_grubbs_assistant/2 RHG/Grants/USC_TRP_subcontract_2014_not submitted/Misc,USC Contacts.docx,7.41377,desktop_grubbs_assistant/2 RHG/Grants/USC_TRP_subcontract_2014_not submitted/Misc,USC Contacts.docx
17,Extracted-Text-from-Photographs/GrubbsRD_Consulting_Box_1/BEND_CLOSE,BEND_CLOSE_32.txt,0.90214664,"desktop_grubbs_assistant/2 RHG/Grants/MURI""Marder/ONR MURI Final Report_Jun10/REPORT",MURIReport.docx,6.3116875,"desktop_grubbs_assistant/2 RHG/Grants/MURI""Marder/ONR MURI Final Report_Jun10/REPORT",MURIReport.docx
18,Extracted-Text-from-Photographs/GrubbsRD_Consulting_Box_1/BEND_CLOSE,BEND_CLOSE_3.txt,0.82112867,desktop_grubbs_assistant/2 RHG/Grants/UCLA (3) NIH 2013/UCLA_ONR 2 Multitasking 2014/Sent to UCLA,Grubbs-UCLA ONR BRC_budget justif-mbh.docx,8.725441,desktop_grubbs_assistant/2 RHG/Grants/UCLA (3) NIH 2013/UCLA_ONR 2 Multitasking 2014/Sent to UCLA,Grubbs-UCLA ONR BRC_budget justif-mbh.docx
19,Extracted-Text-from-Photographs/GrubbsRD_Consulting_Box_1/BEND_CLOSE,BEND_CLOSE_4.txt,0.80426204,desktop_grubbs_assistant/2 RHG/Grants/Beckman Doheny 2014,Scientific report from Beckman Investigators_RHG_MPY.docx,8.969444,desktop_grubbs_assistant/2 RHG/Grants/Beckman Doheny 2014,Scientific report from Beckman Investigators_RHG_MPY.docx
20,Extracted-Text-from-Photographs/GrubbsRD_Consulting_Box_1/BEND_CLOSE,BEND_CLOSE_26.txt,0.834694,desktop_grubbs_assistant/2 RHG/RHG Recs/2013 Reference Letters/Bronner Recs 2013,Lilly bronner 2013.docx,8.53201,desktop_grubbs_assistant/2 RHG/RHG Recs/2013 Reference Letters/Bronner Recs 2013,Lilly bronner 2013.docx
21,Extracted-Text-from-Photographs/GrubbsRD_Consulting_Box_1/BEND_CLOSE,BEND_CLOSE_5.txt,0.7475435,"desktop_grubbs_assistant/2 RHG/Grants/NIH/GM31332/RHG_NIH_Renew_7""1""12/RHG_RPPR_Jan2014/NIH Accomplishments",accomplishments.docx,10.738511,desktop_grubbs_assistant/2 RHG/Grants/NSF/1 NSF New NSF (MSN) 2017 CHE 1807154/NSF.1807154/4 Misc word files,Prior NSF Support 2017 merit and broader.docx
22,Extracted-Text-from-Photographs/GrubbsRD_Consulting_Box_1/BEND_CLOSE,BEND_CLOSE_39.txt,0.7995809,desktop_grubbs_assistant/2 RHG/RHG Recs/Marotta 2017,Marotta Grubbs_Staff_Position_ Marotta.docx,10.29904,desktop_grubbs_assistant/2 RHG/RHG Recs/Marotta 2017,Marotta Grubbs_Staff_Position_ Marotta.docx
23,Extracted-Text-from-Photographs/GrubbsRD_Consulting_Box_1/BEND_CLOSE,BEND_CLOSE_1.txt,0.8276943,desktop_grubbs_assistant/2 RHG/Grants/Beckman Doheny 2014,Scientific report from Beckman Investigators_RHG_MPY.docx,8.314422,desktop_grubbs_assistant/2 RHG/Grants/Beckman Doheny 2014,Scientific report from Beckman Investigators_RHG_MPY.docx
24,Extracted-Text-from-Photographs/GrubbsRD_Consulting_Box_1/BEND_CLOSE,BEND_CLOSE_21.txt,0.75627613,desktop_grubbs_assistant/2 RHG/RHG Files/RHG Travel/RHG Old_Travel 2019 & earlier/RHG 2009 Travel/RHG WSU Oct09,grubbs.txt,10.537522,desktop_grubbs_assistant/2 RHG/RHG Files/RHG Travel/RHG Old_Travel 2019 & earlier/RHG 2009 Travel/RHG WSU Oct09,grubbs.txt
25,Extracted-Text-from-Photographs/GrubbsRD_Consulting_Box_1/BEND_CLOSE,BEND_CLOSE_35.txt,0.77014697,"desktop_grubbs_assistant/2 RHG/Grants/DOE 2007 TXTech/DOE""TTU Renewal_Apr 11/DOE Renewal",Grubbs_ResSupport_DOE_2011.docx,10.422745,"desktop_grubbs_assistant/2 RHG/Grants/DOE 2007 TXTech/DOE""TTU Renewal_Apr 11/DOE Renewal",Grubbs_ResSupport_DOE_2011.docx
26,Extracted-Text-from-Photographs/GrubbsRD_Consulting_Box_1/BEND_CLOSE,BEND_CLOSE_25.txt,0.8435199,desktop_grubbs_assistant/2 RHG/Grants/UCSF Chemo filter renewal 2019,RHG Letterhead 2014 copy.docx,8.408716,desktop_grubbs_assistant/2 RHG/Grants/UCSF Chemo filter renewal 2019,RHG Letterhead 2014 copy.docx
27,Extracted-Text-from-Photographs/GrubbsRD_Consulting_Box_1/BEND_CLOSE,BEND_CLOSE_33.txt,0.8127308,desktop_grubbs_assistant/2 RHG/RHG Recs/2013 Reference Letters/Bronner Recs 2013,Lilly bronner 2013.docx,8.935681,desktop_grubbs_assistant/2 RHG/RHG Recs/2013 Reference Letters/Bronner Recs 2013,Lilly bronner 2013.docx
28,Extracted-Text-from-Photographs/GrubbsRD_Consulting_Box_1/BEND_CLOSE,BEND_CLOSE_15.txt,0.90718037,desktop_grubbs_assistant/2 RHG/RHG Recs/2012 Reference Letters/El-Batta Recs 2012,amer el-batta rec 2012.docx,6.438441,desktop_grubbs_assistant/2 RHG/RHG Recs/2012 Reference Letters/El-Batta Recs 2012,amer el-batta rec 2012.docx
29,Extracted-Text-from-Photographs/GrubbsRD_Consulting_Box_1/BEND_CLOSE,BEND_CLOSE_29.txt,0.78168595,desktop_grubbs_assistant/2 RHG/Grants/ARPA-E (new) CSU (Miyake) 2017,"ARPA-E 214, Environmental Impact Questionnaire Template.docx",9.650556,desktop_grubbs_assistant/2 RHG/Grants/USC NSF 14-600 2016,USC.55096262.Mod1.Summary.docx
30,Extracted-Text-from-Photographs/GrubbsRD_Consulting_Box_1/BEND_CLOSE,BEND_CLOSE_11.txt,0.93338984,desktop_grubbs_assistant/2 RHG/RHG Recs/2013 Reference Letters/Bronner Recs 2013,Lilly bronner 2013.docx,5.367641,desktop_grubbs_assistant/2 RHG/RHG Recs/2013 Reference Letters/Bronner Recs 2013,Lilly bronner 2013.docx
31,Extracted-Text-from-Photographs/GrubbsRD_Consulting_Box_1/BEND_CLOSE,BEND_CLOSE_9.txt,0.778353,desktop_grubbs_assistant/2 RHG/Grants/NSF/NSF 15-19 Renewal 2014/RPPR NSF 1502616 due Sep 1 2017,NSF Login Award Number.docx,9.813753,desktop_grubbs_assistant/2 RHG/RHG Files/RHG Travel/RHG Travel 2022/RHG_ACS_ORCA_2022/RHG_FL_Mar2020/RHG_Jacksonville_Mar 2020,ORCS Abstract Template.docx
32,Extracted-Text-from-Photographs/GrubbsRD_Consulting_Box_1/BEND_CLOSE,BEND_CLOSE_37.txt,0.76461244,desktop_grubbs_assistant/2 RHG/RHG Files/RHG Travel/RHG Visas 2009-15/f8802 Residency Certification 2019/RI Completed Forms,Consulting RI Invoice - Prof. Grubbs .docx,10.27542,desktop_grubbs_assistant/2 RHG/RHG Files/RHG Travel/RHG Visas 2009-15/f8802 Residency Certification 2019/RI Completed Forms,Consulting RI Invoice - Prof. Grubbs .docx
33,Extracted-Text-from-Photographs/GrubbsRD_Consulting_Box_1/BEND_CLOSE,BEND_CLOSE_14.txt,0.90943664,desktop_grubbs_assistant/2 RHG/Grants/USC_TRP_subcontract_2014_not submitted/Previous NIH USC,Grubbs - Letter.docx,6.2903633,desktop_grubbs_assistant/2 RHG/Grants/USC_TRP_subcontract_2014_not submitted/Previous NIH USC,Grubbs - Letter.docx
34,Extracted-Text-from-Photographs/GrubbsRD_Consulting_Box_1/BEND_CLOSE,BEND_CLOSE_12.txt,0.8907833,desktop_grubbs_assistant/2 RHG/Grants/USC_TRP_subcontract_2014_not submitted/2014 USC documents,Grubbs - Letter-2.docx,6.8341994,desktop_grubbs_assistant/2 RHG/Grants/USC_TRP_subcontract_2014_not submitted/2014 USC documents,Grubbs - Letter-2.docx
35,Extracted-Text-from-Photographs/GrubbsRD_Consulting_Box_1/BEND_CLOSE,BEND_CLOSE_31.txt,0.83374214,desktop_grubbs_assistant/2 RHG/RHG Recs/2013 Reference Letters/Bronner Recs 2013,Lilly bronner 2013.docx,8.579486,desktop_grubbs_assistant/2 RHG/RHG Recs/2013 Reference Letters/Bronner Recs 2013,Lilly bronner 2013.docx
36,Extracted-Text-from-Photographs/GrubbsRD_Consulting_Box_1/BEND_CLOSE,BEND_CLOSE_30.txt,0.954141,desktop_grubbs_assistant/2 RHG/RHG Recs/2013 Reference Letters/Bronner Recs 2013,Lilly bronner 2013.docx,4.470239,desktop_grubbs_assistant/2 RHG/RHG Recs/2013 Reference Letters/Bronner Recs 2013,Lilly bronner 2013.docx
37,Extracted-Text-from-Photographs/GrubbsRD_Consulting_Box_1/BEND_CLOSE,BEND_CLOSE_28.txt,0.78327876,desktop_grubbs_assistant/2 RHG/Grants/DOE 2007 TXTech/DOE_ARPA-E Jones 7_13_12,FOA Documents.docx,9.787056,desktop_grubbs_assistant/2 RHG/Grants/DOE 2007 TXTech/DOE_ARPA-E Jones 7_13_12,FOA Documents.docx
38,Extracted-Text-from-Photographs/GrubbsRD_Consulting_Box_1/BEND_CLOSE,BEND_CLOSE_38.txt,0.7717315,desktop_grubbs_assistant/2 RHG/RHG Files/RHG Travel/RHG Visas 2009-15/f8802 Residency Certification 2019/RI Completed Forms,Consulting RI Invoice - Prof. Grubbs .docx,10.149176,desktop_grubbs_assistant/2 RHG/RHG Files/RHG Travel/RHG Visas 2009-15/f8802 Residency Certification 2019/RI Completed Forms,Consulting RI Invoice - Prof. Grubbs .docx
39,Extracted-Text-from-Photographs/GrubbsRD_Consulting_Box_1/BEND_CLOSE,BEND_CLOSE_2.txt,0.8022684,desktop_grubbs_assistant/2 RHG/Grants/NSF/NSF 12-15 Renewal 2011/Instructions and misc./NSF Bobs uploads/Originals,NSF 2011 References.docx,9.275678,desktop_grubbs_assistant/2 RHG/Grants/NSF/NSF 12-15 Renewal 2011/Instructions and misc./NSF Bobs uploads/Originals,NSF 2011 References.docx
40,Extracted-Text-from-Photographs/GrubbsRD_Consulting_Box_1/BEND_CLOSE,BEND_CLOSE_36.txt,0.8396536,desktop_grubbs_assistant/2 RHG/RHG Recs/2013 Reference Letters/Bronner Recs 2013,Lilly bronner 2013.docx,8.269787,desktop_grubbs_assistant/2 RHG/RHG Recs/2013 Reference Letters/Bronner Recs 2013,Lilly bronner 2013.docx
41,Extracted-Text-from-Photographs/GrubbsRD_Consulting_Box_1/BEND_CLOSE,BEND_CLOSE_27.txt,0.81464887,desktop_grubbs_assistant/2 RHG/RHG Files/RHG Travel/RHG Old_Travel 2019 & earlier/RHG_Travel 2015/RHG_GRC_Jun2015,Conferee Expense Reimbursement Request Form - 2015.docx,9.365528,desktop_grubbs_assistant/2 RHG/RHG Files/RHG Travel/RHG Old_Travel 2019 & earlier/RHG_Travel 2015/RHG_GRC_Jun2015,Conferee Expense Reimbursement Request Form - 2015.docx
42,Extracted-Text-from-Photographs/GrubbsRD_Consulting_Box_1/BEND_CLOSE,BEND_CLOSE_20.txt,0.74947387,desktop_grubbs_assistant/2 RHG/Grants/NSF/1 NSF New NSF (MSN) 2017 CHE 1807154/NSF.1807154/4 Misc word files,Publications from Prior.docx,10.366509,desktop_grubbs_assistant/2 RHG/Grants/NSF/1 NSF New NSF (MSN) 2017 CHE 1807154/NSF.1807154/4 Misc word files,Publications from Prior.docx
43,Extracted-Text-from-Photographs/GrubbsRD_Consulting_Box_1/BEND_CLOSE,BEND_CLOSE_34.txt,0.696012,desktop_grubbs_assistant/2 RHG/Grants/EISG_Grant_2013 (Miyake)/EISG Reports 2014,1. Grubbs_EISG Report 1_Jan2014_1-15-14.docx,11.590108,desktop_grubbs_assistant/2 RHG/Grants/EISG_Grant_2013 (Miyake)/EISG Reports 2014,3. Grubbs_EISG Report 1_Jul2014-Grubbs.docx
44,Extracted-Text-from-Photographs/GrubbsRD_Consulting_Box_1/BEND_CLOSE,BEND_CLOSE_24.txt,0.9114216,"desktop_grubbs_assistant/2 RHG/RHG Group/RHG Misc Postdoc""Visitors/Ko JK Reappointment 2021/Ko JK Visitor JUly 2020/misc",Grubbs Letter Ko Visitor.docx,6.2898345,"desktop_grubbs_assistant/2 RHG/RHG Group/RHG Misc Postdoc""Visitors/Kim_pds_2012",dae yu kim appointment.docx
45,Extracted-Text-from-Photographs/GrubbsRD_Consulting_Box_1/BEND_CLOSE,BEND_CLOSE_18.txt,0.72537005,desktop_grubbs_assistant/2 RHG/RHG Files/RHG Travel/RHG Old_Travel 2019 & earlier/RHG Travel 2018/RHG_FL_Mar 2018/Gainesville info 2018,PL 2018 hotel form.Robert Grubbs.docx,10.827979,desktop_grubbs_assistant/2 RHG/RHG Files/RHG Travel/RHG Old_Travel 2019 & earlier/RHG_Travel 2015/RHG SF AUG2015,Aug 3 NSF PO visit_draft agenda.docx
46,Extracted-Text-from-Photographs/GrubbsRD_Consulting_Box_1/BEND_CLOSE,BEND_CLOSE_17.txt,0.86237115,desktop_grubbs_assistant/2 RHG/RHG Recs/2012 Reference Letters,alexey fedorov rec .docx,7.7789826,desktop_grubbs_assistant/2 RHG/RHG Recs/2012 Reference Letters,alexey fedorov rec .docx
47,Extracted-Text-from-Photographs/GrubbsRD_Consulting_Box_1/BEND_CLOSE,BEND_CLOSE_10.txt,0.7648573,desktop_grubbs_assistant/2 RHG/RHG Files/RHG Travel/RHG Old_Travel 2019 & earlier/RHG 2009 Travel/RHG WSU Oct09,grubbs.txt,10.322073,desktop_grubbs_assistant/2 RHG/RHG Files/RHG Travel/RHG Old_Travel 2019 & earlier/RHG 2009 Travel/RHG WSU Oct09,grubbs.txt
48,Extracted-Text-from-Photographs/GrubbsRD_Consulting_Box_1/BEND_CLOSE,BEND_CLOSE_13.txt,0.8211527,desktop_grubbs_assistant/2 RHG/RHG Recs/2021 Rec Letters,Macfarlane Waterman 2022.docx,8.923764,desktop_grubbs_assistant/2 RHG/RHG Recs/2021 Rec Letters,Macfarlane Waterman 2022.docx
49,Extracted-Text-from-Photographs/GrubbsRD_Consulting_Box_1/BEND_CLOSE,BEND_CLOSE_8.txt,0.7166439,"desktop_grubbs_assistant/2 RHG/Grants/NIH/GM31332/RHG_NIH_Renew_7""1""12/Renewal 2012",NIH Pubs 2012.docx,11.278361,"desktop_grubbs_assistant/2 RHG/Grants/NIH/GM31332/RHG_NIH_Renew_7""1""12/Renewal 2012",NIH Pubs 2012.docx
50,Extracted-Text-from-Photographs/GrubbsRD_Consulting_Box_1/BAS_F,BAS_F_12.txt,0.93835294,desktop_grubbs_assistant/2 RHG/RHG Recs/2009 Letters,Lee Academic 2009.docx,5.2213063,desktop_grubbs_assistant/2 RHG/RHG Recs/2009 Letters,Lee Academic 2009.docx
51,Extracted-Text-from-Photographs/GrubbsRD_Consulting_Box_1/BAS_F,BAS_F_25.txt,0.7881359,desktop_grubbs_assistant/2 RHG/Grants/NSF/NSF 15-19 Renewal 2014/NSF Files/Bob's nsf,nsf data management plan 2014.docx,9.8359165,desktop_grubbs_assistant/2 RHG/Grants/NSF/NSF 15-19 Renewal 2014/NSF Files/Bob's nsf,nsf data management plan 2014.docx
52,Extracted-Text-from-Photographs/GrubbsRD_Consulting_Box_1/BAS_F,BAS_F_26.txt,0.7767556,desktop_grubbs_assistant/2 RHG/Grants/USC NSF 14-600 2016,USC.55096262.Mod1.Summary.docx,9.72274,desktop_grubbs_assistant/2 RHG/Grants/USC NSF 14-600 2016,USC.55096262.Mod1.Summary.docx
53,Extracted-Text-from-Photographs/GrubbsRD_Consulting_Box_1/BAS_F,BAS_F_1.txt,0.90813524,desktop_grubbs_assistant/2 RHG/RHG Recs/2021 Rec Letters,Choudhury Letterhead 2021.docx,6.3765893,desktop_grubbs_assistant/2 RHG/RHG Recs/2021 Rec Letters,Choudhury Letterhead 2021.docx
54,Extracted-Text-from-Photographs/GrubbsRD_Consulting_Box_1/BAS_F,BAS_F_16.txt,0.8012882,desktop_grubbs_assistant/2 RHG/Grants/UMICORE 2020/Umicore 2018,UMICORE.RHG2018.Summary.docx,8.511204,"desktop_grubbs_assistant/2 RHG/Grants/NIH/GM31332/NIH Renewal 7""1""08/esnap_Jan2012/Misc",Progress Report Summary Info.docx
55,Extracted-Text-from-Photographs/GrubbsRD_Consulting_Box_1/BAS_F,BAS_F_13.txt,0.88060904,"desktop_grubbs_assistant/2 RHG/RHG Group/RHG Misc Postdoc""Visitors/Kim_pds_2012",dae yu kim appointment.docx,7.351169,"desktop_grubbs_assistant/2 RHG/RHG Group/RHG Misc Postdoc""Visitors/Kim_pds_2012",dae yu kim appointment.docx
56,Extracted-Text-from-Photographs/GrubbsRD_Consulting_Box_1/BAS_F,BAS_F_8.txt,0.7653905,desktop_grubbs_assistant/2 RHG/RHG Files/RHG Travel/RHG Visas 2009-15/f8802 Residency Certification 2019/RI Completed Forms,RHG_No_PE_Declaration_Template.docx,10.263307,desktop_grubbs_assistant/2 RHG/RHG Files/RHG Travel/RHG Visas 2009-15/f8802 Residency Certification 2019/RI Completed Forms,RHG_No_PE_Declaration_Template.docx
57,Extracted-Text-from-Photographs/GrubbsRD_Consulting_Box_1/BAS_F,BAS_F_21.txt,0.82565993,desktop_grubbs_assistant/2 RHG/RHG Files/RHG Travel/RHG Visas 2009-15/f8802 Residency Certification 2019/RI Completed Forms,RHG_Declaration in lieu of PAN (37BC).docx,8.727894,desktop_grubbs_assistant/2 RHG/RHG Files/RHG Travel/RHG Visas 2009-15/f8802 Residency Certification 2019/RI Completed Forms,RHG_Declaration in lieu of PAN (37BC).docx
58,Extracted-Text-from-Photographs/GrubbsRD_Consulting_Box_1/BAS_F,BAS_F_3.txt,0.8863418,desktop_grubbs_assistant/2 RHG/RHG Recs/2009 Letters,Lee Academic 2009.docx,7.1229105,desktop_grubbs_assistant/2 RHG/RHG Recs/2009 Letters,Lee Academic 2009.docx
59,Extracted-Text-from-Photographs/GrubbsRD_Consulting_Box_1/BAS_F,BAS_F_29.txt,0.73685956,desktop_grubbs_assistant/2 RHG/Grants/DARPA HR0011-15 (2016),BRICS.MOD3.Summary.docx,9.804345,desktop_grubbs_assistant/2 RHG/Grants/UCLA ONR Multi Cat 2019 (NCE),UCLA.0980GSB033.Amend4.Summary.docx
60,Extracted-Text-from-Photographs/GrubbsRD_Consulting_Box_1/BAS_F,BAS_F_11.txt,0.87601167,desktop_grubbs_assistant/2 RHG/RHG Recs/2009 Letters,Lee Academic 2009.docx,7.420313,desktop_grubbs_assistant/2 RHG/RHG Recs/2009 Letters,Lee Academic 2009.docx
61,Extracted-Text-from-Photographs/GrubbsRD_Consulting_Box_1/BAS_F,BAS_F_28.txt,0.74169093,desktop_grubbs_assistant/2 RHG/Grants/DOE 2007 TXTech/DOE_ARPA-E Jones 7_13_12,FOA Documents.docx,10.515957,desktop_grubbs_assistant/2 RHG/Grants/DOE 2007 TXTech/DOE_ARPA-E Jones 7_13_12,FOA Documents.docx
62,Extracted-Text-from-Photographs/GrubbsRD_Consulting_Box_1/BAS_F,BAS_F_14.txt,0.8100555,"desktop_grubbs_assistant/2 RHG/Grants/UCSF (Hetts""Greer) Chemo 2018/UCSF""Caltech R01 Steve Hetts 2014",Steven Hetts.docx,9.107365,"desktop_grubbs_assistant/2 RHG/Grants/UCSF (Hetts""Greer) Chemo 2018/UCSF""Caltech R01 Steve Hetts 2014",Steven Hetts.docx
63,Extracted-Text-from-Photographs/GrubbsRD_Consulting_Box_1/BAS_F,BAS_F_19.txt,0.876168,"desktop_grubbs_assistant/2 RHG/Grants/MURI""Marder/ONR MURI Final Report_Jun10/REPORT",MURIReport.docx,7.322315,"desktop_grubbs_assistant/2 RHG/Grants/MURI""Marder/ONR MURI Final Report_Jun10/REPORT",MURIReport.docx
64,Extracted-Text-from-Photographs/GrubbsRD_Consulting_Box_1/BAS_F,BAS_F_27.txt,0.80501366,desktop_grubbs_assistant/2 RHG/Grants/UMICORE 2020/Umicore 2018,UMICORE.RHG2018.Summary.docx,9.430584,desktop_grubbs_assistant/2 RHG/Grants/UMICORE 2020/Umicore 2018,UMICORE.RHG2018.Summary.docx
65,Extracted-Text-from-Photographs/GrubbsRD_Consulting_Box_1/BAS_F,BAS_F_2.txt,0.7774695,desktop_grubbs_assistant/2 RHG/RHG Files/RHG Travel/RHG Old_Travel 2019 & earlier/RHG 2012 Travel/RHG_ACS_Aug12,Personal Schedule.docx,9.700985,desktop_grubbs_assistant/2 RHG/RHG Files/RHG Travel/RHG Visas 2009-15/f8802 Residency Certification 2019/RI Completed Forms,Travel RI Invoice - Prof. Grubbs  .docx
66,Extracted-Text-from-Photographs/GrubbsRD_Consulting_Box_1/BAS_F,BAS_F_15.txt,0.8824334,"desktop_grubbs_assistant/2 RHG/Grants/MURI""Marder/ONR MURI Final Report_Jun10/REPORT",MURIReport.docx,7.1543508,"desktop_grubbs_assistant/2 RHG/Grants/MURI""Marder/ONR MURI Final Report_Jun10/REPORT",MURIReport.docx
67,Extracted-Text-from-Photographs/GrubbsRD_Consulting_Box_1/BAS_F,BAS_F_22.txt,0.7637682,"desktop_grubbs_assistant/2 RHG/RHG Group/RHG Misc Postdoc""Visitors/Ko JK Reappointment 2021/Ko JK Visitor JUly 2020/Ko Reappointment 2020/Ko postdoc 2018","CCE - Ko, Jeong Hoon PD Reappointment Paid FN CJ.docx",10.582061,"desktop_grubbs_assistant/2 RHG/RHG Group/RHG Misc Postdoc""Visitors/Ko JK Reappointment 2021/Ko JK Visitor JUly 2020/Ko Reappointment 2020/Ko postdoc 2018","CCE - Ko, Jeong Hoon PD Reappointment Paid FN CJ.docx"
68,Extracted-Text-from-Photographs/GrubbsRD_Consulting_Box_1/BAS_F,BAS_F_20.txt,0.86175424,desktop_grubbs_assistant/2 RHG/RHG Recs/2013 Reference Letters/Bronner Recs 2013,Lilly bronner 2013.docx,7.8471403,desktop_grubbs_assistant/2 RHG/RHG Recs/2013 Reference Letters/Bronner Recs 2013,Lilly bronner 2013.docx
69,Extracted-Text-from-Photographs/GrubbsRD_Consulting_Box_1/BAS_F,BAS_F_30.txt,0.8053737,desktop_grubbs_assistant/2 RHG/Grants/Applaud 2016,APPLAUD.2016.SUMMARY.docx,9.294146,desktop_grubbs_assistant/2 RHG/Grants/Applaud 2016,APPLAUD.2016.SUMMARY.docx
70,Extracted-Text-from-Photographs/GrubbsRD_Consulting_Box_1/BAS_F,BAS_F_23.txt,0.7454457,desktop_grubbs_assistant/2 RHG/Grants/UMICORE 2020/Umicore 2018,UMICORE.RHG2018.Summary.docx,10.723176,desktop_grubbs_assistant/2 RHG/Grants/UMICORE 2020/Umicore 2018,UMICORE.RHG2018.Summary.docx
71,Extracted-Text-from-Photographs/GrubbsRD_Consulting_Box_1/BAS_F,BAS_F_10.txt,0.86544704,desktop_grubbs_assistant/2 RHG/RHG Recs/2014 Recs_Reappointments/Teo_Recs_2014,Teo_Letter_2014 .docx,7.9062657,desktop_grubbs_assistant/2 RHG/RHG Recs/2014 Recs_Reappointments/Teo_Recs_2014,Teo_Letter_2014 .docx
72,Extracted-Text-from-Photographs/GrubbsRD_Consulting_Box_1/BAS_F,BAS_F_6.txt,0.8261608,desktop_grubbs_assistant/2 RHG/Grants/NSF/NSF 12-15 Renewal 2011/Instructions and misc./NSF Bobs uploads/Old forms,NSF Publications2010-2011.docx,8.756799,desktop_grubbs_assistant/2 RHG/Grants/NSF/NSF 12-15 Renewal 2011/Instructions and misc./NSF Bobs uploads/Old forms,NSF Publications2010-2011.docx
73,Extracted-Text-from-Photographs/GrubbsRD_Consulting_Box_1/BAS_F,BAS_F_17.txt,0.7969543,desktop_grubbs_assistant/2 RHG/Grants/ARPA-E (new) CSU (Miyake) 2017/DOE-UC Boulder 2016/ARPA-E Proposal with CU Boulder 2015,Grubbs.UC.ARPAE.Business assurance.Disclosure.Form.6.24.2015.docx,8.860196,"desktop_grubbs_assistant/2 RHG/Grants/NIH/GM31332/NIH Renewal 7""1""08/esnap_Jan2012/Misc",Progress Report Summary Info.docx
74,Extracted-Text-from-Photographs/GrubbsRD_Consulting_Box_1/BAS_F,BAS_F_5.txt,0.80573523,"desktop_grubbs_assistant/2 RHG/Grants/UCSF (Hetts""Greer) Chemo 2018/UCSF""Caltech R01 Steve Hetts 2014",Steven Hetts.docx,9.087071,"desktop_grubbs_assistant/2 RHG/Grants/UCSF (Hetts""Greer) Chemo 2018/UCSF""Caltech R01 Steve Hetts 2014",Steven Hetts.docx
75,Extracted-Text-from-Photographs/GrubbsRD_Consulting_Box_1/BAS_F,BAS_F_7.txt,0.67424184,desktop_grubbs_assistant/2 RHG/Grants/Northwestern_ARO_MURI 2013,pub for northwestern.docx,11.864598,desktop_grubbs_assistant/2 RHG/Grants/Northwestern_ARO_MURI 2013,pub for northwestern.docx
76,Extracted-Text-from-Photographs/GrubbsRD_Consulting_Box_1/BAS_F,BAS_F_24.txt,0.7242489,desktop_grubbs_assistant/2 RHG/Grants/ARPA-E (new) CSU (Miyake) 2017,CSU.G7336101.Amend2.Summary.docx,11.298693,desktop_grubbs_assistant/2 RHG/Grants/ARPA-E (new) CSU (Miyake) 2017,CSU.G7336101.Amend2.Summary.docx
77,Extracted-Text-from-Photographs/GrubbsRD_Consulting_Box_1/BAS_F,BAS_F_9.txt,0.92368865,desktop_grubbs_assistant/2 RHG/RHG Recs/2009 Letters,Lee Academic 2009.docx,5.819425,desktop_grubbs_assistant/2 RHG/RHG Recs/2009 Letters,Lee Academic 2009.docx
78,Extracted-Text-from-Photographs/GrubbsRD_Consulting_Box_1/BAS_F,BAS_F_18.txt,0.828432,"desktop_grubbs_assistant/2 RHG/Grants/MURI""Marder/ONR MURI Final Report_Jun10/REPORT",MURIReport.docx,8.474547,"desktop_grubbs_assistant/2 RHG/Grants/MURI""Marder/ONR MURI Final Report_Jun10/REPORT",MURIReport.docx
79,Extracted-Text-from-Photographs/GrubbsRD_Consulting_Box_1/BAS_F,BAS_F_4.txt,0.75140715,desktop_grubbs_assistant/2 RHG/RHG Files/RHG Travel/RHG Old_Travel 2019 & earlier/RHG 2009 Travel/RHG WSU Oct09,grubbs.txt,10.362315,desktop_grubbs_assistant/2 RHG/Grants/NSF/1 NSF New NSF (MSN) 2017 CHE 1807154/NSF.1807154/4 Misc word files,Publications from Prior.docx
80,Extracted-Text-from-Photographs/GrubbsRD_Consulting_Box_1/CALHOUN_VISION_INC,CALHOUN_VISION_INC._2.txt,0.7569221,desktop_grubbs_assistant/2 RHG/RHG Files/RHG Travel/RHG Old_Travel 2019 & earlier/RHG_Travel 2015/RHG_PacChem_Dec2015/Kauai,abstract template.docx,10.248779,desktop_grubbs_assistant/2 RHG/RHG Files/RHG Travel/RHG Old_Travel 2019 & earlier/RHG_Travel 2015/RHG_PacChem_Dec2015/Kauai,abstract template.docx
81,Extracted-Text-from-Photographs/GrubbsRD_Consulting_Box_1/CALHOUN_VISION_INC,CALHOUN_VISION_INC._3.txt,0.7359699,desktop_grubbs_assistant/2 RHG/RHG Files/RHG Travel/RHG Visas 2009-15/f8802 Residency Certification 2019/RI Completed Forms,Consulting RI Invoice - Prof. Grubbs .docx,10.627417,desktop_grubbs_assistant/2 RHG/RHG Files/RHG Travel/RHG Visas 2009-15/f8802 Residency Certification 2019/RI Completed Forms,Travel RI Invoice - Prof. Grubbs  .docx
82,Extracted-Text-from-Photographs/GrubbsRD_Consulting_Box_1/CALHOUN_VISION_INC,CALHOUN_VISION_INC._4.txt,0.73316,desktop_grubbs_assistant/2 RHG/RHG Files/RHG Travel/RHG Old_Travel 2019 & earlier/RHG 2013 Travel/RHG_UTX_Mar2013/AUSTIN,Group meeting attendees.docx,10.740308,desktop_grubbs_assistant/2 RHG/RHG Files/RHG Travel/RHG Old_Travel 2019 & earlier/RHG 2013 Travel/RHG_UTX_Mar2013/AUSTIN,Group meeting attendees.docx
83,Extracted-Text-from-Photographs/GrubbsRD_Consulting_Box_1/BELL_LABS,BELL_LABS_1.txt,0.78588164,desktop_grubbs_assistant/2 RHG/RHG Files/RHG Travel/RHG Visas 2009-15/f8802 Residency Certification 2019/RI Completed Forms,RHG_Declaration in lieu of PAN (37BC).docx,9.667129,desktop_grubbs_assistant/2 RHG/RHG Files/RHG Travel/RHG Visas 2009-15/f8802 Residency Certification 2019/RI Completed Forms,RHG_Declaration in lieu of PAN (37BC).docx
84,Extracted-Text-from-Photographs/GrubbsRD_Consulting_Box_1/BELL_LABS,BELL_LABS_2.txt,0.8034708,desktop_grubbs_assistant/2 RHG/RHG Recs/2013 Reference Letters/Peng Liu_Recs 2013,school-list-grubbs.docx,9.103109,desktop_grubbs_assistant/2 RHG/Grants/NSF/NSF 15-19 Renewal 2014/NSF Files,Deviation Authorization nsf.docx
85,Extracted-Text-from-Photographs/GrubbsRD_Consulting_Box_1/BAYER_MILES,BAYER_MILES_24.txt,0.78513956,desktop_grubbs_assistant/2 RHG/Grants/NSF/RHG_UCSF_NSFSubaward_2012,2. rhg 2Grubbs-UCSF NSF_budget justification.docx,9.928473,desktop_grubbs_assistant/2 RHG/RHG Files/RHG Travel/RHG Visas 2009-15/f8802 Residency Certification 2019/RI Completed Forms,Consulting RI Invoice - Prof. Grubbs .docx
86,Extracted-Text-from-Photographs/GrubbsRD_Consulting_Box_1/BAYER_MILES,BAYER_MILES_9.txt,0.73657537,"desktop_grubbs_assistant/2 RHG/RHG Files/RHG Travel/RHG Visas 2009-15/India Visas (5Y - 4""10""21)/India visa 2016",INDIA VISA #.docx,10.612272,"desktop_grubbs_assistant/2 RHG/RHG Files/RHG Travel/RHG Visas 2009-15/India Visas (5Y - 4""10""21)/India visa 2016",INDIA VISA #.docx
87,Extracted-Text-from-Photographs/GrubbsRD_Consulting_Box_1/BAYER_MILES,BAYER_MILES_4.txt,0.91832066,desktop_grubbs_assistant/2 RHG/RHG Recs/2013 Reference Letters/Bronner Recs 2013,Lilly bronner 2013.docx,6.0283647,desktop_grubbs_assistant/2 RHG/RHG Recs/2013 Reference Letters/Bronner Recs 2013,Lilly bronner 2013.docx
88,Extracted-Text-from-Photographs/GrubbsRD_Consulting_Box_1/BAYER_MILES,BAYER_MILES_48.txt,0.8044639,desktop_grubbs_assistant/2 RHG/RHG Files/RHG Travel/RHG Travel 2022/RHG_ACS_ORCA_2022/RHG_FL_Mar2020/RHG_Jacksonville_Mar 2020,ORCS Abstract Template.docx,9.097116,desktop_grubbs_assistant/2 RHG/RHG Files/RHG Travel/RHG Travel 2022/RHG_ACS_ORCA_2022/RHG_FL_Mar2020/RHG_Jacksonville_Mar 2020,ORCS Abstract Template.docx
89,Extracted-Text-from-Photographs/GrubbsRD_Consulting_Box_1/BAYER_MILES,BAYER_MILES_56.txt,0.8637574,"desktop_grubbs_assistant/2 RHG/RHG Group/RHG Misc Postdoc""Visitors/Ahmed PD Appt 2018",Short Summary.docx,7.7224994,"desktop_grubbs_assistant/2 RHG/RHG Group/RHG Misc Postdoc""Visitors/Ahmed PD Appt 2018",Short Summary.docx
90,Extracted-Text-from-Photographs/GrubbsRD_Consulting_Box_1/BAYER_MILES,BAYER_MILES_73.txt,0.8584962,desktop_grubbs_assistant/2 RHG/Grants/NSF/RHG_UCSF_NSFSubaward_2012,2. rhg 2Grubbs-UCSF NSF_budget justification.docx,8.131187,desktop_grubbs_assistant/2 RHG/Grants/NSF/RHG_UCSF_NSFSubaward_2012,2. rhg 2Grubbs-UCSF NSF_budget justification.docx
91,Extracted-Text-from-Photographs/GrubbsRD_Consulting_Box_1/BAYER_MILES,BAYER_MILES_1.txt,0.8048301,desktop_grubbs_assistant/2 RHG/RHG Recs/2013 Reference Letters/Bronner Recs 2013,Lilly bronner 2013.docx,9.436565,desktop_grubbs_assistant/2 RHG/RHG Recs/2013 Reference Letters/Bronner Recs 2013,Lilly bronner 2013.docx
92,Extracted-Text-from-Photographs/GrubbsRD_Consulting_Box_1/BAYER_MILES,BAYER_MILES_34.txt,0.81385124,desktop_grubbs_assistant/2 RHG/RHG Files/RHG Travel/RHG Visas 2009-15/f8802 Residency Certification 2019/RI Completed Forms,RHG_Declaration in lieu of PAN (37BC).docx,9.030518,desktop_grubbs_assistant/2 RHG/RHG Files/RHG Travel/RHG Visas 2009-15/f8802 Residency Certification 2019/RI Completed Forms,RHG_Declaration in lieu of PAN (37BC).docx
93,Extracted-Text-from-Photographs/GrubbsRD_Consulting_Box_1/BAYER_MILES,BAYER_MILES_7.txt,0.83870554,desktop_grubbs_assistant/2 RHG/RHG Recs/Recs 2015,O'Neil 2015.docx,8.6257515,desktop_grubbs_assistant/2 RHG/RHG Recs/Recs 2015,O'Neil 2015.docx
94,Extracted-Text-from-Photographs/GrubbsRD_Consulting_Box_1/BAYER_MILES,BAYER_MILES_23.txt,0.8836075,desktop_grubbs_assistant/2 RHG/RHG Recs/2013 Reference Letters/Bronner Recs 2013,Lilly bronner 2013.docx,7.1925516,desktop_grubbs_assistant/2 RHG/RHG Recs/2013 Reference Letters/Bronner Recs 2013,Lilly bronner 2013.docx
95,Extracted-Text-from-Photographs/GrubbsRD_Consulting_Box_1/BAYER_MILES,BAYER_MILES_42.txt,0.82601446,"desktop_grubbs_assistant/2 RHG/RHG Group/RHG Misc Postdoc""Visitors/Kim_pds_2012",dae yu kim appointment.docx,8.851248,"desktop_grubbs_assistant/2 RHG/RHG Group/RHG Misc Postdoc""Visitors/Kim_pds_2012",dae yu kim appointment.docx
96,Extracted-Text-from-Photographs/GrubbsRD_Consulting_Box_1/BAYER_MILES,BAYER_MILES_71.txt,0.7682829,"desktop_grubbs_assistant/2 RHG/Grants/USC""Skoltech2013",SkTech DAD 3-6-13.docx,10.300851,"desktop_grubbs_assistant/2 RHG/Grants/USC""Skoltech2013",SkTech DAD 3-6-13.docx
97,Extracted-Text-from-Photographs/GrubbsRD_Consulting_Box_1/BAYER_MILES,BAYER_MILES_2.txt,0.9157591,desktop_grubbs_assistant/2 RHG/RHG Recs/2013 Reference Letters/Bronner Recs 2013,Lilly bronner 2013.docx,6.123084,desktop_grubbs_assistant/2 RHG/RHG Recs/2013 Reference Letters/Bronner Recs 2013,Lilly bronner 2013.docx
98,Extracted-Text-from-Photographs/GrubbsRD_Consulting_Box_1/BAYER_MILES,BAYER_MILES_61.txt,0.7852039,desktop_grubbs_assistant/2 RHG/RHG Recs/2010 Letters/Johnson_Letters_2010,jj_Job_List_Updates_071010_v01.docx,9.780939,desktop_grubbs_assistant/2 RHG/RHG Recs/2010 Letters/Johnson_Letters_2010,jj_Job_List_Updates_071010_v01.docx
99,Extracted-Text-from-Photographs/GrubbsRD_Consulting_Box_1/BAYER_MILES,BAYER_MILES_63.txt,0.8658096,desktop_grubbs_assistant/2 RHG/RHG Recs/2014 Recs_Reappointments/Dornan Recs 2014,Ottawa - BPS ad 2014.docx,7.89711,desktop_grubbs_assistant/2 RHG/RHG Recs/2014 Recs_Reappointments/Dornan Recs 2014,Ottawa - BPS ad 2014.docx
100,Extracted-Text-from-Photographs/GrubbsRD_Consulting_Box_1/BAYER_MILES,BAYER_MILES_85.txt,0.84801996,desktop_grubbs_assistant/2 RHG/RHG Recs/2014 Recs_Reappointments/El Batta rec 2015,amer el-batta rec 2015.docx,8.112278,desktop_grubbs_assistant/2 RHG/RHG Recs/2014 Recs_Reappointments/El Batta rec 2015,amer el-batta rec 2015.docx
101,Extracted-Text-from-Photographs/GrubbsRD_Consulting_Box_1/BAYER_MILES,BAYER_MILES_52.txt,0.8999526,desktop_grubbs_assistant/2 RHG/RHG Recs/2009 Letters,Lee Academic 2009.docx,6.655344,desktop_grubbs_assistant/2 RHG/RHG Recs/2009 Letters,Lee Academic 2009.docx
102,Extracted-Text-from-Photographs/GrubbsRD_Consulting_Box_1/BAYER_MILES,BAYER_MILES_93.txt,0.7361047,desktop_grubbs_assistant/2 RHG/RHG Files/RHG Travel/RHG Old_Travel 2019 & earlier/RHG_Travel 2015/RHG_GRC_Jun2015,Conferee Expense Reimbursement Request Form - 2015.docx,11.199515,desktop_grubbs_assistant/2 RHG/RHG Files/RHG Travel/RHG Old_Travel 2019 & earlier/RHG_Travel 2015/RHG_GRC_Jun2015,Conferee Expense Reimbursement Request Form - 2015.docx
103,Extracted-Text-from-Photographs/GrubbsRD_Consulting_Box_1/BAYER_MILES,BAYER_MILES_38.txt,0.88574314,desktop_grubbs_assistant/2 RHG/Grants/USC Keck Aug 2015 copy/Ready for Keck,mark letter keck 2015.docx,6.918528,desktop_grubbs_assistant/2 RHG/Grants/USC Keck Aug 2015 copy/Ready for Keck,mark letter keck 2015.docx
104,Extracted-Text-from-Photographs/GrubbsRD_Consulting_Box_1/BAYER_MILES,BAYER_MILES_19.txt,0.6803943,"desktop_grubbs_assistant/2 RHG/RHG Files/RHG Travel/RHG Visas 2009-15/India Visas (5Y - 4""10""21)/India visa 2016",INDIA VISA #.docx,12.534765,"desktop_grubbs_assistant/2 RHG/RHG Files/RHG Travel/RHG Visas 2009-15/India Visas (5Y - 4""10""21)/India visa 2016",INDIA VISA #.docx
105,Extracted-Text-from-Photographs/GrubbsRD_Consulting_Box_1/BAYER_MILES,BAYER_MILES_16.txt,0.8122743,desktop_grubbs_assistant/2 RHG/Grants/NSF/NSF 12-15 Renewal 2011/Instructions and misc./NSF Bobs uploads/misc,nsfpublications- 5 closely related.docx,8.960952,desktop_grubbs_assistant/2 RHG/Grants/NSF/NSF 12-15 Renewal 2011/Instructions and misc./NSF Bobs uploads/misc,nsfpublications- 5 closely related.docx
106,Extracted-Text-from-Photographs/GrubbsRD_Consulting_Box_1/BAYER_MILES,BAYER_MILES_55.txt,0.8421327,desktop_grubbs_assistant/2 RHG/RHG Recs/2013 Reference Letters/Bronner Recs 2013,Lilly bronner 2013.docx,8.454425,desktop_grubbs_assistant/2 RHG/RHG Recs/2013 Reference Letters/Bronner Recs 2013,Lilly bronner 2013.docx
107,Extracted-Text-from-Photographs/GrubbsRD_Consulting_Box_1/BAYER_MILES,BAYER_MILES_6.txt,0.7138442,desktop_grubbs_assistant/2 RHG/RHG Recs/2009 Letters/Boydston Recs09,Boydston List_v06.docx,11.743989,desktop_grubbs_assistant/2 RHG/RHG Recs/2010 Letters/Johnson_Letters_2010,jj_JobLetters_updates_102510_v03.docx
108,Extracted-Text-from-Photographs/GrubbsRD_Consulting_Box_1/BAYER_MILES,BAYER_MILES_44.txt,0.8469498,desktop_grubbs_assistant/2 RHG/Grants/USC_TRP_subcontract_2014_not submitted/Misc,USC Contacts.docx,8.093074,desktop_grubbs_assistant/2 RHG/Grants/USC_TRP_subcontract_2014_not submitted/Misc,USC Contacts.docx
109,Extracted-Text-from-Photographs/GrubbsRD_Consulting_Box_1/BAYER_MILES,BAYER_MILES_31.txt,0.82263684,desktop_grubbs_assistant/2 RHG/RHG Recs/2014 Recs_Reappointments/Nelson Recs 2014,A-Nelson_Letter_2014.docx,8.830005,desktop_grubbs_assistant/2 RHG/RHG Recs/2014 Recs_Reappointments/Nelson Recs 2014,A-Nelson_Letter_2014.docx
110,Extracted-Text-from-Photographs/GrubbsRD_Consulting_Box_1/BAYER_MILES,BAYER_MILES_83.txt,0.84091944,"desktop_grubbs_assistant/2 RHG/Grants/MURI""Marder/ONR MURI Final Report_Jun10/REPORT",MURIReportGrubbs.docx,8.1332655,"desktop_grubbs_assistant/2 RHG/Grants/MURI""Marder/ONR MURI Final Report_Jun10/REPORT",MURIReport.docx
111,Extracted-Text-from-Photographs/GrubbsRD_Consulting_Box_1/BAYER_MILES,BAYER_MILES_11.txt,0.80653787,desktop_grubbs_assistant/2 RHG/RHG Recs/2011 Reference Letters/Burts Recs 2011,alan burts hertz.docx,9.339234,desktop_grubbs_assistant/2 RHG/RHG Recs/2011 Reference Letters/Burts Recs 2011,alan burts hertz.docx
112,Extracted-Text-from-Photographs/GrubbsRD_Consulting_Box_1/BAYER_MILES,BAYER_MILES_89.txt,0.8194841,desktop_grubbs_assistant/2 RHG/Grants/USC_TRP_subcontract_2014_not submitted/Previous NIH USC,Grubbs - Letter.docx,8.885055,desktop_grubbs_assistant/2 RHG/Grants/USC_TRP_subcontract_2014_not submitted/Previous NIH USC,Grubbs - Letter.docx
113,Extracted-Text-from-Photographs/GrubbsRD_Consulting_Box_1/BAYER_MILES,BAYER_MILES_62.txt,0.8744202,desktop_grubbs_assistant/2 RHG/RHG Recs/Berlin Letters,Berllin_Sloan_Letter_2014 .docx,7.6991796,desktop_grubbs_assistant/2 RHG/RHG Recs/Berlin Letters,Berllin_Sloan_Letter_2014 .docx
114,Extracted-Text-from-Photographs/GrubbsRD_Consulting_Box_1/BAYER_MILES,BAYER_MILES_64.txt,0.75789785,desktop_grubbs_assistant/2 RHG/Grants/UCLA (3) NIH 2013/UCLA_ONR 2 Multitasking 2014,Houk ONR 3- SOW.docx,10.026223,desktop_grubbs_assistant/2 RHG/RHG Files/RHG Travel/RHG Old_Travel 2019 & earlier/RHG Travel 2018/RHG_ACS_NO_Mar2018/ACS Talks,Speaker list.docx
115,Extracted-Text-from-Photographs/GrubbsRD_Consulting_Box_1/BAYER_MILES,BAYER_MILES_39.txt,0.9078207,desktop_grubbs_assistant/2 RHG/RHG Recs/Maynard/Maynard Rec ACS 2021,Maynard ACS Fellow Letter 2021.docx,6.44722,desktop_grubbs_assistant/2 RHG/RHG Recs/Maynard/Maynard Rec ACS 2021,Maynard ACS Fellow Letter 2021.docx
116,Extracted-Text-from-Photographs/GrubbsRD_Consulting_Box_1/BAYER_MILES,BAYER_MILES_22.txt,0.8486906,"desktop_grubbs_assistant/2 RHG/RHG Group/RHG Misc Postdoc""Visitors/Lerch Special Student 2013",invitationletterMichaelLetter.docx,8.386683,"desktop_grubbs_assistant/2 RHG/RHG Group/RHG Misc Postdoc""Visitors/Lerch Special Student 2013",invitationletterMichaelLetter.docx
117,Extracted-Text-from-Photographs/GrubbsRD_Consulting_Box_1/BAYER_MILES,BAYER_MILES_77.txt,0.8803892,desktop_grubbs_assistant/2 RHG/RHG Recs/2009 Letters,Lee Academic 2009.docx,7.2863255,desktop_grubbs_assistant/2 RHG/RHG Recs/2009 Letters,Lee Academic 2009.docx
118,Extracted-Text-from-Photographs/GrubbsRD_Consulting_Box_1/BAYER_MILES,BAYER_MILES_94.txt,0.7039151,desktop_grubbs_assistant/2 RHG/Grants/KFUPM 2017/KFUPM NCE 2019,KFUPM.RHG2014.NCE.Summary.docx,11.718625,desktop_grubbs_assistant/2 RHG/Grants/KFUPM 2017/KFUPM NCE 2019,KFUPM.RHG2014.NCE.Summary.docx
119,Extracted-Text-from-Photographs/GrubbsRD_Consulting_Box_1/BAYER_MILES,BAYER_MILES_45.txt,0.8312781,desktop_grubbs_assistant/2 RHG/RHG Recs/2012 Reference Letters/El-Batta Recs 2012,amer el-batta rec 2012.docx,8.580445,desktop_grubbs_assistant/2 RHG/RHG Recs/2012 Reference Letters/El-Batta Recs 2012,amer el-batta rec 2012.docx
120,Extracted-Text-from-Photographs/GrubbsRD_Consulting_Box_1/BAYER_MILES,BAYER_MILES_33.txt,0.86601686,"desktop_grubbs_assistant/2 RHG/RHG Group/RHG Misc Postdoc""Visitors/Al Hamouz May 2015",Hamouz Invite kfupm.docx,7.546913,"desktop_grubbs_assistant/2 RHG/RHG Group/RHG Misc Postdoc""Visitors/Al Hamouz May 2015",Hamouz Invite kfupm.docx
121,Extracted-Text-from-Photographs/GrubbsRD_Consulting_Box_1/BAYER_MILES,BAYER_MILES_87.txt,0.7692875,desktop_grubbs_assistant/2 RHG/Grants/UMICORE 2020/Umicore 2018,UMICORE.RHG2018.Summary.docx,10.019323,desktop_grubbs_assistant/2 RHG/Grants/UMICORE 2020/Umicore 2018,UMICORE.RHG2018.Summary.docx
122,Extracted-Text-from-Photographs/GrubbsRD_Consulting_Box_1/BAYER_MILES,BAYER_MILES_79.txt,0.8410168,desktop_grubbs_assistant/2 RHG/RHG Files/RHG Travel/RHG Old_Travel 2019 & earlier/RHG Travel 2019/RHG_ICE_Netherland_Sep 2019/RHG_Netherlands_Sept 2019,Biography Robert H Grubbs.docx,8.084355,desktop_grubbs_assistant/2 RHG/RHG Files/RHG Travel/RHG Old_Travel 2019 & earlier/RHG Travel 2019/RHG_ICE_Netherland_Sep 2019/RHG_Netherlands_Sept 2019,Biography Robert H Grubbs.docx
123,Extracted-Text-from-Photographs/GrubbsRD_Consulting_Box_1/BAYER_MILES,BAYER_MILES_37.txt,0.8029548,desktop_grubbs_assistant/2 RHG/RHG Files/RHG Travel/RHG Travel 2022/RHG_ACS_ORCA_2022/RHG_FL_Mar2020/RHG_Jacksonville_Mar 2020,ORCS Abstract Template.docx,9.13213,desktop_grubbs_assistant/2 RHG/RHG Files/RHG Travel/RHG Travel 2022/RHG_ACS_ORCA_2022/RHG_FL_Mar2020/RHG_Jacksonville_Mar 2020,ORCS Abstract Template.docx
124,Extracted-Text-from-Photographs/GrubbsRD_Consulting_Box_1/BAYER_MILES,BAYER_MILES_21.txt,0.8546299,desktop_grubbs_assistant/2 RHG/RHG Files/RHG Travel/RHG Old_Travel 2019 & earlier/RHG Travel 2018/RHG_MSU_Apr2018,Grubbs Introduction Letter.docx,7.8212037,desktop_grubbs_assistant/2 RHG/RHG Files/RHG Travel/RHG Old_Travel 2019 & earlier/RHG Travel 2018/RHG_MSU_Apr2018,Grubbs Introduction Letter.docx
125,Extracted-Text-from-Photographs/GrubbsRD_Consulting_Box_1/BAYER_MILES,BAYER_MILES_95.txt,0.724964,desktop_grubbs_assistant/2 RHG/Grants/USC NSF 14-600 2016,USC.55096262.Mod1.Summary.docx,10.811571,desktop_grubbs_assistant/2 RHG/Grants/USC NSF 14-600 2016,USC.55096262.Mod1.Summary.docx
126,Extracted-Text-from-Photographs/GrubbsRD_Consulting_Box_1/BAYER_MILES,BAYER_MILES_27.txt,0.69612396,desktop_grubbs_assistant/2 RHG/Grants/KFUPM 2021,ZAS_KFUPM Report 2019.docx,12.102367,desktop_grubbs_assistant/2 RHG/Grants/NSF/NSF 15-19 Renewal 2014/NSF Files/Project Summary,nsf Project Summary.docx
127,Extracted-Text-from-Photographs/GrubbsRD_Consulting_Box_1/BAYER_MILES,BAYER_MILES_57.txt,0.8128707,"desktop_grubbs_assistant/2 RHG/Grants/UCLA (3) NIH 2013/UCLA ONR Nano-Machinery2013/RHG_ONR""UCLA 2013",Grubbs-UCLA ONR Nano_budget justification.docx,9.2664995,"desktop_grubbs_assistant/2 RHG/Grants/UCLA (3) NIH 2013/UCLA ONR Nano-Machinery2013/RHG_ONR""UCLA 2013",Grubbs-UCLA ONR Nano_budget justification.docx
128,Extracted-Text-from-Photographs/GrubbsRD_Consulting_Box_1/BAYER_MILES,BAYER_MILES_25.txt,0.9214619,desktop_grubbs_assistant/2 RHG/RHG Recs/2009 Letters,Lee Academic 2009.docx,5.904637,desktop_grubbs_assistant/2 RHG/RHG Recs/2009 Letters,Lee Academic 2009.docx
129,Extracted-Text-from-Photographs/GrubbsRD_Consulting_Box_1/BAYER_MILES,BAYER_MILES_60.txt,0.8328296,desktop_grubbs_assistant/2 RHG/RHG Files/RHG Travel/RHG Old_Travel 2019 & earlier/RHG 2011 Travel/RHG_UCSF_Jun11,Letter to participants.docx,8.843608,desktop_grubbs_assistant/2 RHG/RHG Files/RHG Travel/RHG Old_Travel 2019 & earlier/RHG 2011 Travel/RHG_UCSF_Jun11,Letter to participants.docx
130,Extracted-Text-from-Photographs/GrubbsRD_Consulting_Box_1/BAYER_MILES,BAYER_MILES_68.txt,0.90088844,desktop_grubbs_assistant/2 RHG/RHG Recs/2013 Reference Letters/Bronner Recs 2013,Lilly bronner 2013.docx,6.6127133,desktop_grubbs_assistant/2 RHG/RHG Recs/2013 Reference Letters/Bronner Recs 2013,Lilly bronner 2013.docx
131,Extracted-Text-from-Photographs/GrubbsRD_Consulting_Box_1/BAYER_MILES,BAYER_MILES_69.txt,0.76252156,"desktop_grubbs_assistant/2 RHG/Grants/USC""Skoltech2013",SkTech DAD 3-6-13.docx,10.41637,"desktop_grubbs_assistant/2 RHG/Grants/USC""Skoltech2013",SkTech DAD 3-6-13.docx
132,Extracted-Text-from-Photographs/GrubbsRD_Consulting_Box_1/BAYER_MILES,BAYER_MILES_59.txt,0.639663,desktop_grubbs_assistant/2 RHG/RHG Files/RHG Travel/RHG Old_Travel 2019 & earlier/RHG 2013 Travel/RHG_JPN_SIN_Jul2013/Shenzen info,4. Grubbs Patents.docx,12.575473,desktop_grubbs_assistant/2 RHG/RHG Files/RHG Travel/RHG Old_Travel 2019 & earlier/RHG 2013 Travel/RHG_JPN_SIN_Jul2013/Shenzen info,4. Grubbs Patents.docx
133,Extracted-Text-from-Photographs/GrubbsRD_Consulting_Box_1/BAYER_MILES,BAYER_MILES_46.txt,0.83647704,desktop_grubbs_assistant/2 RHG/RHG Recs/Recs 2015,GRUBBS-draft-Blavatnik.docx,8.65437,desktop_grubbs_assistant/2 RHG/RHG Recs/Recs 2015,GRUBBS-draft-Blavatnik.docx
134,Extracted-Text-from-Photographs/GrubbsRD_Consulting_Box_1/BAYER_MILES,BAYER_MILES_74.txt,0.8012899,desktop_grubbs_assistant/2 RHG/Grants/UCSF_Falk_Subaward Sept 2014/Info USCF Subaward 2014,FALK Consortium Letter.docx,9.665565,desktop_grubbs_assistant/2 RHG/Grants/UCSF_Falk_Subaward Sept 2014/Info USCF Subaward 2014,FALK Consortium Letter.docx
135,Extracted-Text-from-Photographs/GrubbsRD_Consulting_Box_1/BAYER_MILES,BAYER_MILES_78.txt,0.69628894,desktop_grubbs_assistant/2 RHG/RHG Files/RHG Travel/RHG Visas 2009-15/f8802 Residency Certification 2019/RI Completed Forms,RHG_Declaration in lieu of PAN (37BC).docx,11.742403,desktop_grubbs_assistant/2 RHG/RHG Files/RHG Travel/RHG Visas 2009-15/f8802 Residency Certification 2019/RI Completed Forms,RHG_Declaration in lieu of PAN (37BC).docx
136,Extracted-Text-from-Photographs/GrubbsRD_Consulting_Box_1/BAYER_MILES,BAYER_MILES_15.txt,0.77993965,desktop_grubbs_assistant/2 RHG/Grants/NSF/NSF 12-15 Renewal 2011/Instructions and misc./NSF Bobs uploads/Old forms,NSF Publications2010-2011.docx,9.763044,desktop_grubbs_assistant/2 RHG/Grants/NSF/NSF 12-15 Renewal 2011/Instructions and misc./NSF Bobs uploads/Old forms,NSF Publications2010-2011.docx
137,Extracted-Text-from-Photographs/GrubbsRD_Consulting_Box_1/BAYER_MILES,BAYER_MILES_51.txt,0.87436175,desktop_grubbs_assistant/2 RHG/RHG Files/RHG Travel/RHG Old_Travel 2019 & earlier/RHG 2013 Travel/RHG_Santa Rosa_Oct2013,Grubbs Schedule 10-18-13.docx,7.7636786,desktop_grubbs_assistant/2 RHG/RHG Files/RHG Travel/RHG Old_Travel 2019 & earlier/RHG 2013 Travel/RHG_Santa Rosa_Oct2013,Grubbs Schedule 10-18-13.docx
138,Extracted-Text-from-Photographs/GrubbsRD_Consulting_Box_1/BAYER_MILES,BAYER_MILES_49.txt,0.7802003,"desktop_grubbs_assistant/2 RHG/Grants/MURI""Marder/ONR MURI Final Report_Jun10/REPORT",MURIReportGrubbs.docx,9.718002,"desktop_grubbs_assistant/2 RHG/Grants/MURI""Marder/ONR MURI Final Report_Jun10/REPORT",MURIReportGrubbs.docx
139,Extracted-Text-from-Photographs/GrubbsRD_Consulting_Box_1/BAYER_MILES,BAYER_MILES_50.txt,0.88363945,desktop_grubbs_assistant/2 RHG/RHG Recs/2013 Reference Letters/Bronner Recs 2013,Lilly bronner 2013.docx,7.1572328,desktop_grubbs_assistant/2 RHG/RHG Recs/2013 Reference Letters/Bronner Recs 2013,Lilly bronner 2013.docx
140,Extracted-Text-from-Photographs/GrubbsRD_Consulting_Box_1/BAYER_MILES,BAYER_MILES_75.txt,0.7331445,desktop_grubbs_assistant/2 RHG/Grants/USC NSF 14-600 2016,USC.55096262.Mod1.Summary.docx,10.78586,desktop_grubbs_assistant/2 RHG/Grants/USC NSF 14-600 2016,USC.55096262.Mod1.Summary.docx
141,Extracted-Text-from-Photographs/GrubbsRD_Consulting_Box_1/BAYER_MILES,BAYER_MILES_30.txt,0.6074616,desktop_grubbs_assistant/2 RHG/RHG Files/RHG Travel/RHG Travel 2021/China Consulting 2021/RHG Consulting Fee May 2021,Robert Howard Grubbs's Consulting Fee Confirmation Sheet  for May 2021.docx,14.049125,desktop_grubbs_assistant/2 RHG/RHG Files/RHG Travel/RHG Travel 2021/China Consulting 2021/RHG Consulting Fee May 2021,Robert Howard Grubbs's Consulting Fee Confirmation Sheet  for May 2021.docx
142,Extracted-Text-from-Photographs/GrubbsRD_Consulting_Box_1/BAYER_MILES,BAYER_MILES_3.txt,0.9134852,desktop_grubbs_assistant/2 RHG/RHG Recs/2012 Reference Letters/El-Batta Recs 2012,amer el-batta rec 2012.docx,6.152926,desktop_grubbs_assistant/2 RHG/RHG Recs/2012 Reference Letters/El-Batta Recs 2012,amer el-batta rec 2012.docx
143,Extracted-Text-from-Photographs/GrubbsRD_Consulting_Box_1/BAYER_MILES,BAYER_MILES_84.txt,0.83959925,desktop_grubbs_assistant/2 RHG/Grants/USC_TRP_subcontract_2014_not submitted/Previous NIH USC,Grubbs - Letter.docx,8.349278,desktop_grubbs_assistant/2 RHG/Grants/USC_TRP_subcontract_2014_not submitted/Previous NIH USC,Grubbs - Letter.docx
144,Extracted-Text-from-Photographs/GrubbsRD_Consulting_Box_1/BAYER_MILES,BAYER_MILES_35.txt,0.61528325,desktop_grubbs_assistant/2 RHG/Grants/JCAP 2014/JCAP due March 23,Grubbs-JCAP current pending support_Feb 2017.docx,13.636427,desktop_grubbs_assistant/2 RHG/Grants/JCAP 2014/JCAP due March 23,Grubbs-JCAP current pending support_Feb 2017.docx
145,Extracted-Text-from-Photographs/GrubbsRD_Consulting_Box_1/BAYER_MILES,BAYER_MILES_91.txt,0.7678831,desktop_grubbs_assistant/2 RHG/RHG Recs/2011 Reference Letters/Garret_K99_2011,Miyake-NIH K99 APA_budget justification.docx,10.370669,desktop_grubbs_assistant/2 RHG/RHG Recs/2011 Reference Letters/Garret_K99_2011,Miyake-NIH K99 APA_budget justification.docx
146,Extracted-Text-from-Photographs/GrubbsRD_Consulting_Box_1/BAYER_MILES,BAYER_MILES_28.txt,0.7391537,desktop_grubbs_assistant/2 RHG/Grants/NSF/NSF 12-15 Renewal 2011/Instructions and misc./NSF Bobs uploads/Old forms,NSF Publications2010-2011.docx,10.674302,desktop_grubbs_assistant/2 RHG/Grants/NSF/NSF 12-15 Renewal 2011/Instructions and misc./NSF Bobs uploads/Old forms,NSF Publications2010-2011.docx
147,Extracted-Text-from-Photographs/GrubbsRD_Consulting_Box_1/BAYER_MILES,BAYER_MILES_65.txt,0.7714401,desktop_grubbs_assistant/2 RHG/RHG Recs/Sato (JCAP) 2017,NE-CV-sato.docx,10.0604,desktop_grubbs_assistant/2 RHG/RHG Recs/Sato (JCAP) 2017,NE-CV-sato.docx
148,Extracted-Text-from-Photographs/GrubbsRD_Consulting_Box_1/BAYER_MILES,BAYER_MILES_82.txt,0.72839785,desktop_grubbs_assistant/2 RHG/RHG Files/RHG Travel/RHG Visas 2009-15/f8802 Residency Certification 2019/RI Completed Forms,RHG_Declaration in lieu of PAN (37BC).docx,10.427707,desktop_grubbs_assistant/2 RHG/Grants/NSF/NSF 15-19 Renewal 2014/NSF Files/Project Description/NSF Papers,Publications citing NSF since last application.docx
149,Extracted-Text-from-Photographs/GrubbsRD_Consulting_Box_1/BAYER_MILES,BAYER_MILES_29.txt,0.720978,"desktop_grubbs_assistant/2 RHG/RHG Files/RHG Travel/RHG Visas 2009-15/India Visas (5Y - 4""10""21)/India visa 2016",INDIA VISA #.docx,11.474139,"desktop_grubbs_assistant/2 RHG/RHG Files/RHG Travel/RHG Visas 2009-15/India Visas (5Y - 4""10""21)/India visa 2016",INDIA VISA #.docx
150,Extracted-Text-from-Photographs/GrubbsRD_Consulting_Box_1/BAYER_MILES,BAYER_MILES_70.txt,0.7506729,desktop_grubbs_assistant/2 RHG/Grants/Postdoc Proposals/Miyake_Dow_Jun2013,R.H.Grubbs_Solar Radiation Reflecting Paints for Enhanced  Energy Efficiency.docx,10.901069,desktop_grubbs_assistant/2 RHG/Grants/Postdoc Proposals/Miyake_Dow_Jun2013,R.H.Grubbs_Solar Radiation Reflecting Paints for Enhanced  Energy Efficiency.docx
151,Extracted-Text-from-Photographs/GrubbsRD_Consulting_Box_1/BAYER_MILES,BAYER_MILES_8.txt,0.70138454,desktop_grubbs_assistant/2 RHG/RHG Files/RHG Travel/RHG Old_Travel 2019 & earlier/RHG 2009 Travel/RHG WSU Oct09,grubbs.txt,11.508159,desktop_grubbs_assistant/2 RHG/RHG Files/RHG Travel/RHG Old_Travel 2019 & earlier/RHG 2009 Travel/RHG WSU Oct09,grubbs.txt
152,Extracted-Text-from-Photographs/GrubbsRD_Consulting_Box_1/BAYER_MILES,BAYER_MILES_41.txt,0.8126769,desktop_grubbs_assistant/2 RHG/RHG Recs/Recs 2015,GRUBBS-draft-Blavatnik.docx,8.960476,desktop_grubbs_assistant/2 RHG/RHG Recs/Recs 2015,GRUBBS-draft-Blavatnik.docx
153,Extracted-Text-from-Photographs/GrubbsRD_Consulting_Box_1/BAYER_MILES,BAYER_MILES_20.txt,0.8573566,desktop_grubbs_assistant/2 RHG/RHG Files/RHG Travel/RHG Old_Travel 2019 & earlier/RHG 2011 Travel/RHG_UCSF_Jun11,Letter to participants.docx,8.014398,desktop_grubbs_assistant/2 RHG/RHG Files/RHG Travel/RHG Old_Travel 2019 & earlier/RHG 2011 Travel/RHG_UCSF_Jun11,Letter to participants.docx
154,Extracted-Text-from-Photographs/GrubbsRD_Consulting_Box_1/BAYER_MILES,BAYER_MILES_32.txt,0.8448479,desktop_grubbs_assistant/2 RHG/Grants/NSF/NSF 08-12 Renewal/NSF Progress Rept Jul11,nsf report july 2011.docx,8.208085,desktop_grubbs_assistant/2 RHG/Grants/NSF/NSF 08-12 Renewal/NSF Progress Rept Jul11,nsf report july 2011.docx
155,Extracted-Text-from-Photographs/GrubbsRD_Consulting_Box_1/BAYER_MILES,BAYER_MILES_12.txt,0.84494376,desktop_grubbs_assistant/2 RHG/RHG Recs/Maynard/Maynard Rec ACS 2021,Maynard ACS Fellow Letter 2021.docx,8.179143,desktop_grubbs_assistant/2 RHG/RHG Recs/Maynard/Maynard Rec ACS 2021,Maynard ACS Fellow Letter 2021.docx
156,Extracted-Text-from-Photographs/GrubbsRD_Consulting_Box_1/BAYER_MILES,BAYER_MILES_96.txt,0.7606686,desktop_grubbs_assistant/2 RHG/RHG Files/RHG Travel/RHG Visas 2009-15/f8802 Residency Certification 2019/RI Completed Forms,Travel RI Invoice - Prof. Grubbs  .docx,10.0594845,desktop_grubbs_assistant/2 RHG/RHG Files/RHG Travel/RHG Visas 2009-15/f8802 Residency Certification 2019/RI Completed Forms,Travel RI Invoice - Prof. Grubbs  .docx
157,Extracted-Text-from-Photographs/GrubbsRD_Consulting_Box_1/BAYER_MILES,BAYER_MILES_26.txt,0.7481178,desktop_grubbs_assistant/2 RHG/Grants/DOE 2007 TXTech/DOE Final Report 2013/DOE Final Report 2013/Originals,doe final report publications.docx,10.559765,desktop_grubbs_assistant/2 RHG/Grants/DOE 2007 TXTech/DOE Final Report 2013/DOE Final Report 2013/Originals,doe final report publications.docx
158,Extracted-Text-from-Photographs/GrubbsRD_Consulting_Box_1/BAYER_MILES,BAYER_MILES_18.txt,0.6900107,"desktop_grubbs_assistant/2 RHG/RHG Files/RHG Travel/RHG Visas 2009-15/India Visas (5Y - 4""10""21)/India visa 2016",INDIA VISA #.docx,12.254915,"desktop_grubbs_assistant/2 RHG/RHG Files/RHG Travel/RHG Visas 2009-15/India Visas (5Y - 4""10""21)/India visa 2016",INDIA VISA #.docx
159,Extracted-Text-from-Photographs/GrubbsRD_Consulting_Box_1/BAYER_MILES,BAYER_MILES_80.txt,0.8467301,desktop_grubbs_assistant/2 RHG/Grants/NSF/RHG_UCSF_NSFSubaward_2012,2. rhg 2Grubbs-UCSF NSF_budget justification.docx,8.446033,desktop_grubbs_assistant/2 RHG/Grants/NSF/RHG_UCSF_NSFSubaward_2012,2. rhg 2Grubbs-UCSF NSF_budget justification.docx
160,Extracted-Text-from-Photographs/GrubbsRD_Consulting_Box_1/BAYER_MILES,BAYER_MILES_88.txt,0.74405694,desktop_grubbs_assistant/2 RHG/Grants/USC Keck Aug 2015 copy,Research_Phase_II_Instructions.docx,9.859666,desktop_grubbs_assistant/2 RHG/Grants/USC Keck Aug 2015 copy,Research_Phase_II_Instructions.docx
161,Extracted-Text-from-Photographs/GrubbsRD_Consulting_Box_1/BAYER_MILES,BAYER_MILES_5.txt,0.8618955,desktop_grubbs_assistant/2 RHG/RHG Files/RHG Travel/RHG Old_Travel 2019 & earlier/RHG 2010 Travel/RHG_NYC_CVG_Nov10,Tentative Itinerary Professor Grubbs Visit 102010.docx,7.9746428,desktop_grubbs_assistant/2 RHG/RHG Files/RHG Travel/RHG Old_Travel 2019 & earlier/RHG 2010 Travel/RHG_NYC_CVG_Nov10,Tentative Itinerary Professor Grubbs Visit 102010.docx
162,Extracted-Text-from-Photographs/GrubbsRD_Consulting_Box_1/BAYER_MILES,BAYER_MILES_40.txt,0.8747113,desktop_grubbs_assistant/2 RHG/RHG Recs/2013 Reference Letters/Bronner Recs 2013,Lilly bronner 2013.docx,7.442208,desktop_grubbs_assistant/2 RHG/RHG Recs/2013 Reference Letters/Bronner Recs 2013,Lilly bronner 2013.docx
163,Extracted-Text-from-Photographs/GrubbsRD_Consulting_Box_1/BAYER_MILES,BAYER_MILES_53.txt,0.74233496,desktop_grubbs_assistant/2 RHG/RHG Files/RHG Travel/RHG Visas 2009-15/f8802 Residency Certification 2019/RI Completed Forms,RHG_Declaration in lieu of PAN (37BC).docx,10.947991,desktop_grubbs_assistant/2 RHG/RHG Files/RHG Travel/RHG Visas 2009-15/f8802 Residency Certification 2019/RI Completed Forms,RHG_Declaration in lieu of PAN (37BC).docx
164,Extracted-Text-from-Photographs/GrubbsRD_Consulting_Box_1/BAYER_MILES,BAYER_MILES_36.txt,0.75787544,desktop_grubbs_assistant/2 RHG/Grants/DOE 2007 TXTech/DOE Final Report 2013/DOE Final Report 2013/Originals,DOE Final Scientific Report.docx,10.363897,desktop_grubbs_assistant/2 RHG/Grants/JPL Honda 2018/Honda 2019,HRIUS.ELECTROLY.MOD7.Summary.docx
165,Extracted-Text-from-Photographs/GrubbsRD_Consulting_Box_1/BAYER_MILES,BAYER_MILES_47.txt,0.7905934,desktop_grubbs_assistant/2 RHG/RHG Files/RHG Travel/RHG Visas 2009-15/f8802 Residency Certification 2019/RI Completed Forms,RHG_Declaration in lieu of PAN (37BC).docx,9.525615,desktop_grubbs_assistant/2 RHG/RHG Files/RHG Travel/RHG Visas 2009-15/f8802 Residency Certification 2019/RI Completed Forms,RHG_Declaration in lieu of PAN (37BC).docx
166,Extracted-Text-from-Photographs/GrubbsRD_Consulting_Box_1/BAYER_MILES,BAYER_MILES_76.txt,0.819794,desktop_grubbs_assistant/2 RHG/RHG Files/RHG Travel/RHG Old_Travel 2019 & earlier/RHG Travel 2019/RHG_ICE_Netherland_Sep 2019/RHG_Netherlands_Sept 2019,Biography Robert H Grubbs.docx,8.66091,desktop_grubbs_assistant/2 RHG/RHG Files/RHG Travel/RHG Old_Travel 2019 & earlier/RHG Travel 2019/RHG_ICE_Netherland_Sep 2019/RHG_Netherlands_Sept 2019,Biography Robert H Grubbs.docx
167,Extracted-Text-from-Photographs/GrubbsRD_Consulting_Box_1/BAYER_MILES,BAYER_MILES_43.txt,0.8172611,"desktop_grubbs_assistant/2 RHG/Grants/MURI""Marder/ONR MURI Final Report_Jun10/REPORT",MURIReport.docx,8.76099,"desktop_grubbs_assistant/2 RHG/Grants/MURI""Marder/ONR MURI Final Report_Jun10/REPORT",MURIReport.docx
168,Extracted-Text-from-Photographs/GrubbsRD_Consulting_Box_1/BAYER_MILES,BAYER_MILES_90.txt,0.6900576,"desktop_grubbs_assistant/2 RHG/Grants/NIH/GM31332/NIH Renewal 7""1""08/esnap_Jan2012/Misc",Progress Report Summary Info.docx,11.270829,"desktop_grubbs_assistant/2 RHG/Grants/NIH/GM31332/NIH Renewal 7""1""08/esnap_Jan2012/Misc",Progress Report Summary Info.docx
169,Extracted-Text-from-Photographs/GrubbsRD_Consulting_Box_1/BAYER_MILES,BAYER_MILES_86.txt,0.7840147,desktop_grubbs_assistant/2 RHG/Grants/USC NSF 14-600 2016,USC.55096262.Mod1.Summary.docx,9.840902,desktop_grubbs_assistant/2 RHG/Grants/USC NSF 14-600 2016,USC.55096262.Mod1.Summary.docx
170,Extracted-Text-from-Photographs/GrubbsRD_Consulting_Box_1/BAYER_MILES,BAYER_MILES_54.txt,0.76331043,desktop_grubbs_assistant/2 RHG/RHG Files/RHG Travel/RHG Old_Travel 2019 & earlier/RHG 2009 Travel/RHG WSU Oct09,grubbs.txt,10.196686,desktop_grubbs_assistant/2 RHG/RHG Files/RHG Travel/RHG Old_Travel 2019 & earlier/RHG 2009 Travel/RHG WSU Oct09,grubbs.txt
171,Extracted-Text-from-Photographs/GrubbsRD_Consulting_Box_1/BAYER_MILES,BAYER_MILES_13.txt,0.8612926,desktop_grubbs_assistant/2 RHG/RHG Recs/Recs 2015,O'Neil 2015.docx,7.94564,desktop_grubbs_assistant/2 RHG/RHG Recs/Recs 2015,O'Neil 2015.docx
172,Extracted-Text-from-Photographs/GrubbsRD_Consulting_Box_1/BAYER_MILES,BAYER_MILES_14.txt,0.85831267,desktop_grubbs_assistant/2 RHG/Grants/USC_TRP_subcontract_2014_not submitted/2014 USC documents,Grubbs - Letter-2.docx,7.7430525,desktop_grubbs_assistant/2 RHG/Grants/USC_TRP_subcontract_2014_not submitted/2014 USC documents,Grubbs - Letter-2.docx
173,Extracted-Text-from-Photographs/GrubbsRD_Consulting_Box_1/BAYER_MILES,BAYER_MILES_92.txt,0.73287,desktop_grubbs_assistant/2 RHG/Grants/UMICORE 2020/Umicore 2018,UMICORE.RHG2018.Summary.docx,10.876665,desktop_grubbs_assistant/2 RHG/Grants/UMICORE 2020/Umicore 2018,UMICORE.RHG2018.Summary.docx
174,Extracted-Text-from-Photographs/GrubbsRD_Consulting_Box_1/BAYER_MILES,BAYER_MILES_81.txt,0.7181102,desktop_grubbs_assistant/2 RHG/Grants/UCSF_Falk_Subaward Sept 2014,Grubbs-Falk Medical Research Trust-letter.docx,10.7724085,desktop_grubbs_assistant/2 RHG/Grants/UCSF_Falk_Subaward Sept 2014,Grubbs-Falk Medical Research Trust-letter.docx
175,Extracted-Text-from-Photographs/GrubbsRD_Consulting_Box_1/BAYER_MILES,BAYER_MILES_72.txt,0.8819391,desktop_grubbs_assistant/2 RHG/RHG Recs/2009 Letters,Lee Academic 2009.docx,7.1986914,"desktop_grubbs_assistant/2 RHG/Grants/MURI""Marder/ONR MURI Final Report_Jun10/REPORT",MURIReport.docx
176,Extracted-Text-from-Photographs/GrubbsRD_Consulting_Box_1/BAYER_MILES,BAYER_MILES_66.txt,0.89911425,"desktop_grubbs_assistant/2 RHG/Grants/MURI""Marder/ONR MURI Final Report_Jun10/REPORT",MURIReportGrubbs.docx,6.551963,"desktop_grubbs_assistant/2 RHG/Grants/MURI""Marder/ONR MURI Final Report_Jun10/REPORT",MURIReportGrubbs.docx
177,Extracted-Text-from-Photographs/GrubbsRD_Consulting_Box_1/BAYER_MILES,BAYER_MILES_67.txt,0.82928896,"desktop_grubbs_assistant/2 RHG/RHG Group/RHG Misc Postdoc""Visitors/Lee, Eunsung Sabbatical 2019",Invitation Letter for Dr Lee.docx,8.947768,"desktop_grubbs_assistant/2 RHG/RHG Group/RHG Misc Postdoc""Visitors/Lee, Eunsung Sabbatical 2019",Invitation Letter for Dr Lee.docx
178,Extracted-Text-from-Photographs/GrubbsRD_Consulting_Box_1/BAYER_MILES,BAYER_MILES_58.txt,0.8538071,desktop_grubbs_assistant/2 RHG/RHG Recs/2012 Reference Letters,alexey fedorov rec .docx,7.8903446,desktop_grubbs_assistant/2 RHG/RHG Recs/2012 Reference Letters,alexey fedorov rec .docx
179,Extracted-Text-from-Photographs/GrubbsRD_Consulting_Box_1/BRITISH_TETROLEuM,BRITISH_TETROLEuM_20.txt,0.73671544,desktop_grubbs_assistant/2 RHG/RHG Files/RHG Travel/RHG Old_Travel 2019 & earlier/RHG Travel 2018/RHG_FL_Mar 2018/Gainesville info 2018,PL 2018 General Conference Information.docx,10.768818,desktop_grubbs_assistant/2 RHG/RHG Files/RHG Travel/RHG Old_Travel 2019 & earlier/RHG Travel 2018/RHG_FL_Mar 2018/Gainesville info 2018,PL 2018 General Conference Information.docx
180,Extracted-Text-from-Photographs/GrubbsRD_Consulting_Box_1/BRITISH_TETROLEuM,BRITISH_TETROLEuM_7.txt,0.90783256,desktop_grubbs_assistant/2 RHG/RHG Recs/2021 Rec Letters,Choudhury Letterhead 2021.docx,6.410974,desktop_grubbs_assistant/2 RHG/RHG Recs/2021 Rec Letters,Choudhury Letterhead 2021.docx
181,Extracted-Text-from-Photographs/GrubbsRD_Consulting_Box_1/BRITISH_TETROLEuM,BRITISH_TETROLEuM_13.txt,0.8278345,desktop_grubbs_assistant/2 RHG/RHG Files/RHG Travel/RHG Old_Travel 2019 & earlier/RHG 2012 Travel/RHG_SUNY_Oct2012,"Robert H. Grubbs - Itinerary Oct 26-30, 2012.docx",8.877277,desktop_grubbs_assistant/2 RHG/RHG Files/RHG Travel/RHG Old_Travel 2019 & earlier/RHG 2012 Travel/RHG_SUNY_Oct2012,"Robert H. Grubbs - Itinerary Oct 26-30, 2012.docx"
182,Extracted-Text-from-Photographs/GrubbsRD_Consulting_Box_1/BRITISH_TETROLEuM,BRITISH_TETROLEuM_12.txt,0.83926594,"desktop_grubbs_assistant/2 RHG/Grants/UCLA (3) NIH 2013/UCLA ONR Nano-Machinery2013/RHG_ONR""UCLA 2013",Grubbs-UCLA ONR Nano_budget justification.docx,8.611244,"desktop_grubbs_assistant/2 RHG/Grants/UCLA (3) NIH 2013/UCLA ONR Nano-Machinery2013/RHG_ONR""UCLA 2013",Grubbs-UCLA ONR Nano_budget justification.docx
183,Extracted-Text-from-Photographs/GrubbsRD_Consulting_Box_1/BRITISH_TETROLEuM,BRITISH_TETROLEuM_5.txt,0.9017273,"desktop_grubbs_assistant/2 RHG/RHG Group/RHG Misc Postdoc""Visitors/Hartung PDS 2012/Hartung NRSA",Section II - Sponsor hartung.docx,6.742831,"desktop_grubbs_assistant/2 RHG/RHG Group/RHG Misc Postdoc""Visitors/Hartung PDS 2012/Hartung NRSA",Section II - Sponsor hartung.docx
184,Extracted-Text-from-Photographs/GrubbsRD_Consulting_Box_1/BRITISH_TETROLEuM,BRITISH_TETROLEuM_9.txt,0.8660154,desktop_grubbs_assistant/2 RHG/RHG Recs/2014 Recs_Reappointments/Toutov recs 2015,anton toutov resnick 2013.docx,7.747761,desktop_grubbs_assistant/2 RHG/RHG Recs/2014 Recs_Reappointments/Toutov recs 2015,anton toutov resnick 2013.docx
185,Extracted-Text-from-Photographs/GrubbsRD_Consulting_Box_1/BRITISH_TETROLEuM,BRITISH_TETROLEuM_18.txt,0.7753426,desktop_grubbs_assistant/2 RHG/RHG Files/RHG Travel/RHG Old_Travel 2019 & earlier/RHG Travel 2018/RHG_FL_Mar 2018/Gainesville info 2018,PL 2018 General Conference Information.docx,10.118857,desktop_grubbs_assistant/2 RHG/RHG Files/RHG Travel/RHG Old_Travel 2019 & earlier/RHG Travel 2018/RHG_FL_Mar 2018/Gainesville info 2018,PL 2018 General Conference Information.docx
186,Extracted-Text-from-Photographs/GrubbsRD_Consulting_Box_1/BRITISH_TETROLEuM,BRITISH_TETROLEuM_14.txt,0.87598133,desktop_grubbs_assistant/2 RHG/RHG Files/RHG Travel/RHG Visas 2009-15/f8802 Residency Certification 2019/RI Completed Forms,RHG Letterhead Auth_Letter.docx,7.3849115,desktop_grubbs_assistant/2 RHG/RHG Files/RHG Travel/RHG Visas 2009-15/f8802 Residency Certification 2019/RI Completed Forms,RHG Letterhead Auth_Letter.docx
187,Extracted-Text-from-Photographs/GrubbsRD_Consulting_Box_1/BRITISH_TETROLEuM,BRITISH_TETROLEuM_4.txt,0.8229594,desktop_grubbs_assistant/2 RHG/RHG Recs/2021 Rec Letters,Nelson- Blavatnik support letter.docx,9.25194,desktop_grubbs_assistant/2 RHG/RHG Recs/2021 Rec Letters,Nelson- Blavatnik support letter.docx
188,Extracted-Text-from-Photographs/GrubbsRD_Consulting_Box_1/BRITISH_TETROLEuM,BRITISH_TETROLEuM_17.txt,0.87441254,desktop_grubbs_assistant/2 RHG/RHG Files/RHG Travel/RHG Old_Travel 2019 & earlier/RHG_Travel 2015/RHG SF AUG2015,Aug 3 NSF PO visit_draft agenda.docx,7.4990067,desktop_grubbs_assistant/2 RHG/RHG Files/RHG Travel/RHG Old_Travel 2019 & earlier/RHG_Travel 2015/RHG SF AUG2015,Aug 3 NSF PO visit_draft agenda.docx
189,Extracted-Text-from-Photographs/GrubbsRD_Consulting_Box_1/BRITISH_TETROLEuM,BRITISH_TETROLEuM_19.txt,0.7440516,desktop_grubbs_assistant/2 RHG/RHG Files/RHG Travel/RHG Old_Travel 2019 & earlier/RHG_Travel 2015/RHG PA Sep2015,Grubbs_Lord Lecture 2015  Schedule.docx,10.67027,desktop_grubbs_assistant/2 RHG/RHG Files/RHG Travel/RHG Old_Travel 2019 & earlier/RHG_Travel 2016/Completed travel 2016/RHG_LHR_Apr2016,Seminar Schedule Professor Grubbs 07.04.16.docx
190,Extracted-Text-from-Photographs/GrubbsRD_Consulting_Box_1/BRITISH_TETROLEuM,BRITISH_TETROLEuM_8.txt,0.81846297,desktop_grubbs_assistant/2 RHG/Grants/KFUPM 2021/Final Reports 2021,2021 Final Report - Grubbs.docx,9.098327,desktop_grubbs_assistant/2 RHG/Grants/KFUPM 2021/Final Reports 2021,2021 Final Report - Grubbs.docx
191,Extracted-Text-from-Photographs/GrubbsRD_Consulting_Box_1/BRITISH_TETROLEuM,BRITISH_TETROLEuM_16.txt,0.77926135,desktop_grubbs_assistant/2 RHG/RHG Files/RHG Travel/RHG Old_Travel 2019 & earlier/RHG_2014 Travel/Completed/RHG_BOM_Feb2014/India Taxes 2014,RHG Letterhead 2014 copy 2.docx,9.953375,desktop_grubbs_assistant/2 RHG/RHG Files/RHG Travel/RHG Old_Travel 2019 & earlier/RHG_2014 Travel/Completed/RHG_BOM_Feb2014/India Taxes 2014,RHG Letterhead 2014 copy 2.docx
192,Extracted-Text-from-Photographs/GrubbsRD_Consulting_Box_1/BRITISH_TETROLEuM,BRITISH_TETROLEuM_10.txt,0.8158925,"desktop_grubbs_assistant/2 RHG/Grants/MURI""Marder/ONR MURI Final Report_Jun10/REPORT",MURIReport.docx,8.712485,"desktop_grubbs_assistant/2 RHG/Grants/MURI""Marder/ONR MURI Final Report_Jun10/REPORT",MURIReport.docx
193,Extracted-Text-from-Photographs/GrubbsRD_Consulting_Box_1/BRITISH_TETROLEuM,BRITISH_TETROLEuM_22.txt,0.7403494,desktop_grubbs_assistant/2 RHG/RHG Files/RHG Travel/RHG Old_Travel 2019 & earlier/RHG_Travel 2015/Cancelled RHG_SA_Oct2015 cancelled/LAX-JED-DMM-DOH/DMM-DOH,NC4EBI.txt,10.884189,desktop_grubbs_assistant/2 RHG/RHG Files/RHG Travel/RHG Old_Travel 2019 & earlier/RHG_Travel 2015/Cancelled RHG_SA_Oct2015 cancelled/LAX-JED-DMM-DOH/DMM-DOH,NC4EBI.txt
194,Extracted-Text-from-Photographs/GrubbsRD_Consulting_Box_1/BRITISH_TETROLEuM,BRITISH_TETROLEuM_21.txt,0.73451746,desktop_grubbs_assistant/2 RHG/RHG Files/RHG Travel/RHG Old_Travel 2019 & earlier/RHG Travel 2018/RHG_FL_Mar 2018/Gainesville info 2018,PL 2018 General Conference Information.docx,10.942257,desktop_grubbs_assistant/2 RHG/RHG Files/RHG Travel/RHG Old_Travel 2019 & earlier/RHG Travel 2018/RHG_FL_Mar 2018/Gainesville info 2018,PL 2018 General Conference Information.docx
195,Extracted-Text-from-Photographs/GrubbsRD_Consulting_Box_1/BRITISH_TETROLEuM,BRITISH_TETROLEuM_15.txt,0.6953464,desktop_grubbs_assistant/2 RHG/Grants/UCSF_Falk_Subaward Sept 2014/Info USCF Subaward 2014,FALK Consortium Letter.docx,11.866005,desktop_grubbs_assistant/2 RHG/Grants/UCSF_Falk_Subaward Sept 2014/Info USCF Subaward 2014,FALK Consortium Letter.docx
196,Extracted-Text-from-Photographs/GrubbsRD_Consulting_Box_1/BRITISH_TETROLEuM,BRITISH_TETROLEuM_1.txt,0.8086469,desktop_grubbs_assistant/2 RHG/RHG Files/RHG Travel/RHG Old_Travel 2019 & earlier/RHG Travel 2017/RHG_India_Feb 2017/RIC Documents 2017,Grubbs Letter 3 Declaration.docx,9.237184,desktop_grubbs_assistant/2 RHG/RHG Files/RHG Travel/RHG Old_Travel 2019 & earlier/RHG Travel 2017/RHG_India_Feb 2017/RIC Documents 2017,Grubbs Letter 1 Authorization.docx
197,Extracted-Text-from-Photographs/GrubbsRD_Consulting_Box_1/BRITISH_TETROLEuM,BRITISH_TETROLEuM_2.txt,0.75764024,"desktop_grubbs_assistant/2 RHG/RHG Group/RHG Misc Postdoc""Visitors/Kim_pds_2012",dae yu kim appointment.docx,10.088175,desktop_grubbs_assistant/2 RHG/RHG Files/RHG Travel/RHG Old_Travel 2019 & earlier/RHG Travel 2018/RHG_MSU_Apr2018,Grubbs Introduction Letter.docx
198,Extracted-Text-from-Photographs/GrubbsRD_Consulting_Box_1/BRITISH_TETROLEuM,BRITISH_TETROLEuM_6.txt,0.77486026,desktop_grubbs_assistant/2 RHG/Grants/Dreyfus Foundation,Grubbs Dreyfus Report 2015.docx,9.956096,desktop_grubbs_assistant/2 RHG/Grants/Dreyfus Foundation,Grubbs Dreyfus Report 2015.docx
199,Extracted-Text-from-Photographs/GrubbsRD_Consulting_Box_1/BRITISH_TETROLEuM,BRITISH_TETROLEuM_11.txt,0.8509204,desktop_grubbs_assistant/2 RHG/RHG Recs/2013 Reference Letters/Bronner Recs 2013,Lilly bronner 2013.docx,8.085746,"desktop_grubbs_assistant/2 RHG/Grants/MURI""Marder/ONR MURI Final Report_Jun10/REPORT",MURIReport.docx
200,Extracted-Text-from-Photographs/GrubbsRD_Consulting_Box_1/BP_AMOCO_GIFT,BP_AMOCO_GIFT_7.txt,0.93054444,desktop_grubbs_assistant/2 RHG/RHG Recs/2009 Letters,Lee Academic 2009.docx,5.531656,desktop_grubbs_assistant/2 RHG/RHG Recs/2009 Letters,Lee Academic 2009.docx
201,Extracted-Text-from-Photographs/GrubbsRD_Consulting_Box_1/BP_AMOCO_GIFT,BP_AMOCO_GIFT_5.txt,0.8340454,desktop_grubbs_assistant/2 RHG/RHG Recs/Recs 2015,GRUBBS-draft-Blavatnik.docx,8.310201,desktop_grubbs_assistant/2 RHG/RHG Recs/Recs 2015,GRUBBS-draft-Blavatnik.docx
202,Extracted-Text-from-Photographs/GrubbsRD_Consulting_Box_1/BP_AMOCO_GIFT,BP_AMOCO_GIFT_1.txt,0.86361897,desktop_grubbs_assistant/2 RHG/Grants/UCLA ONR Multi Cat 2019 (NCE),RHG UCLA Final Report.docx,7.829093,desktop_grubbs_assistant/2 RHG/Grants/UCLA ONR Multi Cat 2019 (NCE),RHG UCLA Final Report.docx
203,Extracted-Text-from-Photographs/GrubbsRD_Consulting_Box_1/BP_AMOCO_GIFT,BP_AMOCO_GIFT_6.txt,0.8583607,desktop_grubbs_assistant/2 RHG/Grants/NSF/NSF 08-12 Renewal/NSF Progress Rept Jul11,nsf report july 2011.docx,7.63644,desktop_grubbs_assistant/2 RHG/Grants/NSF/NSF 08-12 Renewal/NSF Progress Rept Jul11,nsf report july 2011.docx
204,Extracted-Text-from-Photographs/GrubbsRD_Consulting_Box_1/BP_AMOCO_GIFT,BP_AMOCO_GIFT_3.txt,0.7471858,desktop_grubbs_assistant/2 RHG/Grants/NSF/NSF 12-15 Renewal 2011/Instructions and misc./NSF Bobs uploads/misc,synergistic act.docx,10.8396225,desktop_grubbs_assistant/2 RHG/Grants/NSF/NSF 12-15 Renewal 2011/Instructions and misc./NSF Bobs uploads/misc,synergistic act.docx
205,Extracted-Text-from-Photographs/GrubbsRD_Consulting_Box_1/BP_AMOCO_GIFT,BP_AMOCO_GIFT_4.txt,0.83086973,desktop_grubbs_assistant/2 RHG/RHG Files/RHG Travel/RHG Old_Travel 2019 & earlier/RHG 2013 Travel/RHG_UTX_Mar2013/AUSTIN,Group meeting attendees.docx,8.730701,desktop_grubbs_assistant/2 RHG/RHG Files/RHG Travel/RHG Old_Travel 2019 & earlier/RHG 2013 Travel/RHG_UTX_Mar2013/AUSTIN,Group meeting attendees.docx
206,Extracted-Text-from-Photographs/GrubbsRD_Consulting_Box_1/BP_AMOCO_GIFT,BP_AMOCO_GIFT_2.txt,0.75985855,desktop_grubbs_assistant/2 RHG/Grants/NSF/NSF 12-15 Renewal 2011/Instructions and misc./NSF Bobs uploads/Old forms,NSF Publications2010-2011.docx,10.027647,desktop_grubbs_assistant/2 RHG/Grants/NSF/NSF 12-15 Renewal 2011/Instructions and misc./NSF Bobs uploads/Old forms,NSF Publications2010-2011.docx
207,Extracted-Text-from-Photographs/GrubbsRD_Consulting_Box_1/BP_AMOCO_GIFT,BP_AMOCO_GIFT_10.txt,0.7512031,desktop_grubbs_assistant/2 RHG/Grants/UCSD_NIH_2013,bertrand nih 2013.docx,10.761609,desktop_grubbs_assistant/2 RHG/Grants/UCSD_NIH_2013/Send to UCSD,RHG_NIHBio_UCSD .docx
208,Extracted-Text-from-Photographs/GrubbsRD_Consulting_Box_1/BP_AMOCO_GIFT,BP_AMOCO_GIFT_9.txt,0.7807859,desktop_grubbs_assistant/2 RHG/Grants/Applaud 2016,APPLAUD.2016.SUMMARY.docx,9.407538,desktop_grubbs_assistant/2 RHG/Grants/Applaud 2016,APPLAUD.2016.SUMMARY.docx
209,Extracted-Text-from-Photographs/GrubbsRD_Consulting_Box_1/BP_AMOCO_GIFT,BP_AMOCO_GIFT_8.txt,0.948534,desktop_grubbs_assistant/2 RHG/Grants/USC Keck Aug 2015 copy/Ready for Keck,mark letter keck 2015.docx,4.707258,desktop_grubbs_assistant/2 RHG/Grants/USC Keck Aug 2015 copy/Ready for Keck,mark letter keck 2015.docx
210,Extracted-Text-from-Photographs/GrubbsRD_Consulting_Box_1/BP_AMOCO_GIFT,BP_AMOCO_GIFT_11.txt,0.62515044,desktop_grubbs_assistant/2 RHG/Grants/NSF/1 NSF New NSF (MSN) 2017 CHE 1807154/NSF.1807154/0 Award Summary 2018,NSF.1807154.Summary.docx,13.40102,desktop_grubbs_assistant/2 RHG/Grants/NSF/1 NSF New NSF (MSN) 2017 CHE 1807154/NSF.1807154/0 Award Summary 2018,NSF.1807154.Summary.docx
211,Extracted-Text-from-Photographs/GrubbsRD_Consulting_Box_1/BERG_HOLDINGS,BERG_HOLDINGS_15.txt,0.71495867,desktop_grubbs_assistant/2 RHG/Grants/NSF/1 NSF New NSF (MSN) 2017 CHE 1807154/NSF.1807154 Report 2021/NSF Other Support 2021,NSF-Accomplishment-revised.docx,11.478191,desktop_grubbs_assistant/2 RHG/Grants/DARPA HR0011-15 (2016),BRICS.MOD3.Summary.docx
212,Extracted-Text-from-Photographs/GrubbsRD_Consulting_Box_1/BERG_HOLDINGS,BERG_HOLDINGS_8.txt,0.818342,desktop_grubbs_assistant/2 RHG/Grants/Beckman Doheny 2014,Scientific report from Beckman Investigators_RHG_MPY.docx,8.868873,desktop_grubbs_assistant/2 RHG/Grants/Beckman Doheny 2014,Scientific report from Beckman Investigators_RHG_MPY.docx
213,Extracted-Text-from-Photographs/GrubbsRD_Consulting_Box_1/BERG_HOLDINGS,BERG_HOLDINGS_3.txt,0.8360193,desktop_grubbs_assistant/2 RHG/RHG Recs/2013 Reference Letters/Bronner Recs 2013,Lilly bronner 2013.docx,8.553428,desktop_grubbs_assistant/2 RHG/RHG Recs/2013 Reference Letters/Bronner Recs 2013,Lilly bronner 2013.docx
214,Extracted-Text-from-Photographs/GrubbsRD_Consulting_Box_1/BERG_HOLDINGS,BERG_HOLDINGS_11.txt,0.7674405,desktop_grubbs_assistant/2 RHG/Grants/UCLA (3) NIH 2013/UCLA_ONR 2 Multitasking 2014,UCLA Proposals.docx,10.083412,desktop_grubbs_assistant/2 RHG/Grants/UCLA (3) NIH 2013/UCLA_ONR 2 Multitasking 2014,UCLA Proposals.docx
215,Extracted-Text-from-Photographs/GrubbsRD_Consulting_Box_1/BERG_HOLDINGS,BERG_HOLDINGS_6.txt,0.81220734,"desktop_grubbs_assistant/2 RHG/Grants/NIH/RHG""BS NIH R01 2015",nih stoltz.docx,9.110001,"desktop_grubbs_assistant/2 RHG/Grants/NIH/RHG""BS NIH R01 2015",nih stoltz.docx
216,Extracted-Text-from-Photographs/GrubbsRD_Consulting_Box_1/BERG_HOLDINGS,BERG_HOLDINGS_9.txt,0.78381175,"desktop_grubbs_assistant/2 RHG/RHG Group/RHG Misc Postdoc""Visitors/Guzman postdoc 2013/Guzman NIH pages copy",Guzman-NIH justification.docx,10.52086,"desktop_grubbs_assistant/2 RHG/RHG Group/RHG Misc Postdoc""Visitors/Guzman postdoc 2013/Guzman NIH pages copy",Guzman-NIH justification.docx
217,Extracted-Text-from-Photographs/GrubbsRD_Consulting_Box_1/BERG_HOLDINGS,BERG_HOLDINGS_5.txt,0.762283,desktop_grubbs_assistant/2 RHG/Grants/ARPA-E (new) CSU (Miyake) 2017/DOE-UC Boulder 2016/ARPA-E Proposal with CU Boulder 2015,publications for miyake.docx,10.038234,desktop_grubbs_assistant/2 RHG/Grants/ARPA-E (new) CSU (Miyake) 2017/DOE-UC Boulder 2016/ARPA-E Proposal with CU Boulder 2015,publications for miyake.docx
218,Extracted-Text-from-Photographs/GrubbsRD_Consulting_Box_1/BERG_HOLDINGS,BERG_HOLDINGS_1.txt,0.9372412,desktop_grubbs_assistant/2 RHG/Grants/USC Keck Aug 2015 copy/Ready for Keck,mark letter keck 2015.docx,5.170915,desktop_grubbs_assistant/2 RHG/Grants/USC Keck Aug 2015 copy/Ready for Keck,mark letter keck 2015.docx
219,Extracted-Text-from-Photographs/GrubbsRD_Consulting_Box_1/BERG_HOLDINGS,BERG_HOLDINGS_12.txt,0.5978161,desktop_grubbs_assistant/2 RHG/Grants/NIH 2016 UCLA Training Grant/NIH Predoc Training 2016,Table 1. All areas Census of Participating Departments and Interdepartmental Programs.docx,13.590459,desktop_grubbs_assistant/2 RHG/Grants/NIH 2016 UCLA Training Grant/NIH Predoc Training 2016,Table 1. All areas Census of Participating Departments and Interdepartmental Programs.docx
220,Extracted-Text-from-Photographs/GrubbsRD_Consulting_Box_1/BERG_HOLDINGS,BERG_HOLDINGS_2.txt,0.7673435,"desktop_grubbs_assistant/2 RHG/Grants/NIH/GM31332/RHG_NIH_Renew_7""1""12/Noah Fine Nathel PDS 2015/Administrative Supplement/Sponsors letters",Research Plan.docx,9.905873,"desktop_grubbs_assistant/2 RHG/Grants/NIH/GM31332/RHG_NIH_Renew_7""1""12/Noah Fine Nathel PDS 2015/Administrative Supplement/Sponsors letters",Research Plan.docx
221,Extracted-Text-from-Photographs/GrubbsRD_Consulting_Box_1/BERG_HOLDINGS,BERG_HOLDINGS_13.txt,0.7436636,desktop_grubbs_assistant/2 RHG/RHG Recs,Ellison Hackerman Award-rhg.docx,10.284401,desktop_grubbs_assistant/2 RHG/RHG Recs,Ellison Hackerman Award-rhg.docx
222,Extracted-Text-from-Photographs/GrubbsRD_Consulting_Box_1/BERG_HOLDINGS,BERG_HOLDINGS_7.txt,0.8232459,desktop_grubbs_assistant/2 RHG/Grants/USC NSF 14-600 2016/misc,usc nsf.docx,8.723315,desktop_grubbs_assistant/2 RHG/Grants/USC NSF 14-600 2016/misc,usc nsf.docx
223,Extracted-Text-from-Photographs/GrubbsRD_Consulting_Box_1/BERG_HOLDINGS,BERG_HOLDINGS_14.txt,0.78959143,desktop_grubbs_assistant/2 RHG/Grants/JCAP 2014,pub for jcap 2014.docx,9.650317,desktop_grubbs_assistant/2 RHG/Grants/JCAP 2014,pub for jcap 2014.docx
224,Extracted-Text-from-Photographs/GrubbsRD_Consulting_Box_1/BERG_HOLDINGS,BERG_HOLDINGS_4.txt,0.8621911,desktop_grubbs_assistant/2 RHG/Grants/EISG_Grant_2013 (Miyake)/EISG Reports 2014,Macfarlane CV.docx,7.7457666,desktop_grubbs_assistant/2 RHG/Grants/NSF/1 NSF New NSF (MSN) 2017 CHE 1807154/NSF.1807154/4 Misc word files,RHG NSF Bio Oct 2017 copy 2.docx
225,Extracted-Text-from-Photographs/GrubbsRD_Consulting_Box_1/BERG_HOLDINGS,BERG_HOLDINGS_16.txt,0.76268387,desktop_grubbs_assistant/2 RHG/Grants/COH Proposal 2018/Berlin documents,Berlin_Grubbs_COH_Caltech_2018_submission-Final-CBM-TH.docx,10.657989,desktop_grubbs_assistant/2 RHG/Grants/COH Proposal 2018/Berlin documents,Berlin_Grubbs_COH_Caltech_2018_submission-Final-CBM-TH.docx
226,Extracted-Text-from-Photographs/GrubbsRD_Consulting_Box_1/BERG_HOLDINGS,BERG_HOLDINGS_10.txt,0.7830557,"desktop_grubbs_assistant/2 RHG/RHG Group/RHG Misc Postdoc""Visitors/Guzman postdoc 2013/Guzman NIH pages copy",Guzman-NIH justification.docx,10.4157,"desktop_grubbs_assistant/2 RHG/RHG Group/RHG Misc Postdoc""Visitors/Guzman postdoc 2013/Guzman NIH pages copy",Guzman-NIH justification.docx
227,Extracted-Text-from-Photographs/GrubbsRD_Consulting_Box_1/BERG_HOLDINGS,BERG_HOLDINGS_18.txt,0.7996087,desktop_grubbs_assistant/2 RHG/Grants/KFUPM 2021/Final Reports 2021,2021 Final Report - Grubbs.docx,9.750999,desktop_grubbs_assistant/2 RHG/Grants/KFUPM 2021/Final Reports 2021,2021 Final Report - Grubbs.docx
228,Extracted-Text-from-Photographs/GrubbsRD_Consulting_Box_1/BERG_HOLDINGS,BERG_HOLDINGS_17.txt,0.78381944,"desktop_grubbs_assistant/2 RHG/Grants/NIH/GM31332/RHG_NIH_Renew_7""1""12/RHG_RPPR_Jan2014/NIH Accomplishments",accomplishments.docx,10.042515,"desktop_grubbs_assistant/2 RHG/Grants/NIH/GM31332/RHG_NIH_Renew_7""1""12/RHG_RPPR_Jan2014/NIH Accomplishments",accomplishments.docx
229,Extracted-Text-from-Photographs/GrubbsRD_Consulting_Box_1/BIO_WHITTAKER_MOLECULAR_APPS_(MARK_GARDNER),BIO_WHITTAKER_MOLECULAR_APPS_(MARK_GARDNER)_2.txt,0.83550286,desktop_grubbs_assistant/2 RHG/RHG Files/RHG Travel/RHG Visas 2009-15/f8802 Residency Certification 2019/RI Completed Forms,RHG_Declaration in lieu of PAN (37BC).docx,8.473513,desktop_grubbs_assistant/2 RHG/RHG Files/RHG Travel/RHG Visas 2009-15/f8802 Residency Certification 2019/RI Completed Forms,RHG_Declaration in lieu of PAN (37BC).docx
230,Extracted-Text-from-Photographs/GrubbsRD_Consulting_Box_1/BIO_WHITTAKER_MOLECULAR_APPS_(MARK_GARDNER),BIO_WHITTAKER_MOLECULAR_APPS_(MARK_GARDNER)_3.txt,0.68896866,desktop_grubbs_assistant/2 RHG/Grants/UMICORE 2020/Umicore 2018,UMICORE.RHG2018.Summary.docx,11.494044,"desktop_grubbs_assistant/2 RHG/Grants/NIH/GM31332/NIH Renewal 7""1""08/esnap_Jan2012/Misc",Progress Report Summary Info.docx
231,Extracted-Text-from-Photographs/GrubbsRD_Consulting_Box_1/BIO_WHITTAKER_MOLECULAR_APPS_(MARK_GARDNER),BIO_WHITTAKER_MOLECULAR_APPS_(MARK_GARDNER)_1.txt,0.8971549,desktop_grubbs_assistant/2 RHG/RHG Recs/2021 Rec Letters,Macfarlane Waterman 2022.docx,6.850987,desktop_grubbs_assistant/2 RHG/RHG Recs/2021 Rec Letters,Macfarlane Waterman 2022.docx
232,Extracted-Text-from-Photographs/GrubbsRD_Consulting_Box_1/CALANDO_PHARMACEUTICALS,CALANDO_PHARMACEUTICALS_1.txt,0.75110376,desktop_grubbs_assistant/2 RHG/Grants/Applaud 2016,APPLAUD.2016.SUMMARY.docx,10.567155,desktop_grubbs_assistant/2 RHG/Grants/Applaud 2016,APPLAUD.2016.SUMMARY.docx
233,Extracted-Text-from-Photographs/GrubbsRD_Consulting_Box_1/BOEH_RINGER_MANN_HEIM,BOEH_RINGER_MANN_HEIM_1.txt,0.92568564,desktop_grubbs_assistant/2 RHG/RHG Recs/2009 Letters,Lee Academic 2009.docx,5.771913,desktop_grubbs_assistant/2 RHG/RHG Recs/2009 Letters,Lee Academic 2009.docx
234,Extracted-Text-from-Photographs/GrubbsRD_Consulting_Box_1/BOEH_RINGER_MANN_HEIM,BOEH_RINGER_MANN_HEIM_7.txt,0.75831723,"desktop_grubbs_assistant/2 RHG/Grants/NIH/GM31332/RHG_NIH_Renew_7""1""12/Renewal 2012",Renewal_Justification.docx,10.928921,"desktop_grubbs_assistant/2 RHG/Grants/NIH/GM31332/RHG_NIH_Renew_7""1""12/Renewal 2012",Renewal_Justification.docx
235,Extracted-Text-from-Photographs/GrubbsRD_Consulting_Box_1/BOEH_RINGER_MANN_HEIM,BOEH_RINGER_MANN_HEIM_5.txt,0.7387688,desktop_grubbs_assistant/2 RHG/Grants/UMICORE 2020/Umicore 2018,UMICORE.RHG2018.Summary.docx,10.504091,desktop_grubbs_assistant/2 RHG/Grants/UMICORE 2020/Umicore 2018,UMICORE.RHG2018.Summary.docx
236,Extracted-Text-from-Photographs/GrubbsRD_Consulting_Box_1/BOEH_RINGER_MANN_HEIM,BOEH_RINGER_MANN_HEIM_9.txt,0.75363714,desktop_grubbs_assistant/2 RHG/Grants/UMICORE 2020/Umicore 2018,UMICORE.RHG2018.Summary.docx,10.036689,desktop_grubbs_assistant/2 RHG/Grants/UMICORE 2020/Umicore 2018,UMICORE.RHG2018.Summary.docx
237,Extracted-Text-from-Photographs/GrubbsRD_Consulting_Box_1/BOEH_RINGER_MANN_HEIM,BOEH_RINGER_MANN_HEIM_4.txt,0.8175418,desktop_grubbs_assistant/2 RHG/Grants/NSF/RHG_UCSF_NSFSubaward_2012,P0053684 LOI.docx,8.962575,desktop_grubbs_assistant/2 RHG/Grants/NSF/RHG_UCSF_NSFSubaward_2012,P0053684 LOI.docx
238,Extracted-Text-from-Photographs/GrubbsRD_Consulting_Box_1/BOEH_RINGER_MANN_HEIM,BOEH_RINGER_MANN_HEIM_2.txt,0.86393476,desktop_grubbs_assistant/2 RHG/Grants/USC Keck Aug 2015 copy/Ready for Keck,mark letter keck 2015.docx,7.738602,desktop_grubbs_assistant/2 RHG/Grants/USC Keck Aug 2015 copy/Ready for Keck,mark letter keck 2015.docx
239,Extracted-Text-from-Photographs/GrubbsRD_Consulting_Box_1/BOEH_RINGER_MANN_HEIM,BOEH_RINGER_MANN_HEIM_10.txt,0.7742761,desktop_grubbs_assistant/2 RHG/Grants/USC NSF 14-600 2016,USC.55096262.Mod1.Summary.docx,9.770171,desktop_grubbs_assistant/2 RHG/Grants/USC NSF 14-600 2016,USC.55096262.Mod1.Summary.docx
240,Extracted-Text-from-Photographs/GrubbsRD_Consulting_Box_1/BOEH_RINGER_MANN_HEIM,BOEH_RINGER_MANN_HEIM_6.txt,0.841989,desktop_grubbs_assistant/2 RHG/Grants/NSF/RHG_UCSF_NSFSubaward_2012,2. rhg 2Grubbs-UCSF NSF_budget justification.docx,8.714462,desktop_grubbs_assistant/2 RHG/Grants/NSF/RHG_UCSF_NSFSubaward_2012,2. rhg 2Grubbs-UCSF NSF_budget justification.docx
241,Extracted-Text-from-Photographs/GrubbsRD_Consulting_Box_1/BOEH_RINGER_MANN_HEIM,BOEH_RINGER_MANN_HEIM_8.txt,0.69586015,desktop_grubbs_assistant/2 RHG/Grants/USC NSF 14-600 2016,USC.55096262.Mod1.Summary.docx,11.556661,desktop_grubbs_assistant/2 RHG/Grants/USC NSF 14-600 2016,USC.55096262.Mod1.Summary.docx
242,Extracted-Text-from-Photographs/GrubbsRD_Consulting_Box_1/BOEH_RINGER_MANN_HEIM,BOEH_RINGER_MANN_HEIM_3.txt,0.6390989,desktop_grubbs_assistant/2 RHG/Grants/JCAP 2014/JCAP due March 23/JAP bio & support 2017,Current and Pending Support PI Guide.docx,12.091749,desktop_grubbs_assistant/2 RHG/Grants/JCAP 2014/JCAP due March 23/JAP bio & support 2017,Current and Pending Support PI Guide.docx
243,Extracted-Text-from-Photographs/GrubbsRD_Consulting_Box_1/BOEH_RINGER_MANN_HEIM,BOEH_RINGER_MANN_HEIM_12.txt,0.82235754,"desktop_grubbs_assistant/2 RHG/Grants/MURI""Marder/ONR MURI Final Report_Jun10/REPORT",MURIReport.docx,8.766851,"desktop_grubbs_assistant/2 RHG/Grants/MURI""Marder/ONR MURI Final Report_Jun10/REPORT",MURIReport.docx
244,Extracted-Text-from-Photographs/GrubbsRD_Consulting_Box_1/BOEH_RINGER_MANN_HEIM,BOEH_RINGER_MANN_HEIM_11.txt,0.7770335,desktop_grubbs_assistant/2 RHG/RHG Recs/2021 Rec Letters/Sanford Letters 2021,sanford acs organometallic 2018.docx,9.827088,desktop_grubbs_assistant/2 RHG/RHG Recs/2021 Rec Letters/Sanford Letters 2021,sanford acs organometallic 2018.docx
245,Extracted-Text-from-Photographs/GrubbsRD_Consulting_Box_1/CALTECH_V._BOULDER_SCIENTIFIC_FOLDER_20F_Z,CALTECH_V._BOULDER_SCIENTIFIC_FOLDER_20F_Z_2.txt,0.76823527,desktop_grubbs_assistant/2 RHG/RHG Files/RHG Travel/RHG Visas 2009-15/f8802 Residency Certification 2019/RI Completed Forms,RHG_Declaration in lieu of PAN (37BC).docx,10.114256,desktop_grubbs_assistant/2 RHG/RHG Files/RHG Travel/RHG Visas 2009-15/f8802 Residency Certification 2019/RI Completed Forms,RHG_Declaration in lieu of PAN (37BC).docx
246,Extracted-Text-from-Photographs/GrubbsRD_Consulting_Box_1/CALTECH_V._BOULDER_SCIENTIFIC_FOLDER_20F_Z,CALTECH_V._BOULDER_SCIENTIFIC_FOLDER_20F_Z_1.txt,0.80964005,desktop_grubbs_assistant/2 RHG/RHG Files/RHG Travel/RHG Visas 2009-15/f8802 Residency Certification 2019/RI Completed Forms,RHG_Declaration in lieu of PAN (37BC).docx,9.064967,desktop_grubbs_assistant/2 RHG/RHG Files/RHG Travel/RHG Visas 2009-15/f8802 Residency Certification 2019/RI Completed Forms,RHG_Declaration in lieu of PAN (37BC).docx
